Workbook

Sheet INSTRUCTIONS
B2: INSTRUCTIONS
B4: This is a spreadsheet developed to track the metrics of each dental provider and differs slightly from the official IRT Exercise Metrics Tracker. This is a tool meant to make metrics tracking easier for the Dental Department OIC at each site. You will be required to report metrics to you site OIC as well as the Exercise Dental OIC.
B6: 1. Verify the exercise details - Left click on the "ProjectDetails" worksheet tab at the bottom of the screen. Verify the Exercise Name, Site Locations, Service Delivery Dates, and Participating Service information in the cells in Column "B" exactly match the infromation listed in the corresponding cells on the IRT Exercise Metrics Tracker. If it does not macth exactly, please make the necessary chnges on this spreadsheet.
B8: NOTE: This spreadsheet has individual provider information added whereas the IRT Exercise Metrics Tracker does not!
B10: 2. Enter Provider information - In cells B45 to B54 enter your providers' service and in C45 to C54 their rank and name. Service must be selected from the drop down menu. Any text may be entered for rank and name. Use rank conventions listed by service to the right.
B12: 3. Verify information on the "Day1" worksheet - Open the "Day1" worksheet and verify that the exercise name, date, providers and their service has properly autofilled. The "Site Location" must be entered in cell B4 on the "Day1" worksheet only. Select your site from the drop down list. This choice will autofill to the "Day2" through "Day10" worksheets.
B14: 4. Verify provider information - Verify that your providers' names and services are correct in cells C92 to L92, and C93 to L93.
B16: 5. IMPORTANT: Verify accuracy of formulas for service totals - Verify that the service total formulas in cells M94 to S94 contain the correct service acronym displaying in cells M5 to S5. The acronym (or a blank space if there is none) is placed between the quotation marks (" ") in the formula. Unlock the worksheet using the password "IRT2020" and correct the formula if necessary, and copy and paste the FORMULA ONLY in the column's cells in rows 95 to 162. You will have to repeat this procedure on "Day2" to "Day10" worksheets.
B18: 6. Collect clinical data - Collect daily patient data from your providers by having them use individual tally or "DIRS" sheets. You can print off the last worksheet in theis work book, or a .pdf file is available. You should have each provder sill one out each day. No personal informaiton is gathered on patents, only how many of each procudure was done. Metrics should be collected daily by the time set by your site OIC.
B20: 7. Enter provider data in the daily worksheet - Transfer the DIRS totals for each provider in columns "C" through "L" of the corresponding day worksheet. Data in the other cells will autofill due to formulas. Each provider's total procedures and dollar value for the exercise will display in the "Provider Summary" worksheet.
B22: NOTE: "Patient Seating" appears on the dental metrics tracker and NOT on the exercise tracker.
B24: 8. Transfer the data to the site metrics tracker - Select cells M94 through S162 by left clicking and holding the mouse button, then drag the cursor to the right to cell S94, and then down to S162. Right click and select "Copy". IMPORTANT: Do not copy the "Patient Seating" data! This is not reported on the site or exercise tracker. Open up the corresponding day worksheet on the IRT Exercise Metrics Tracker. Right click on the appropriate cell and paste the VALUES ONLY by selecting the paste icon (second one) with numbers.
... B32: For IRT Puerto Rico, we forgot to code for local anesthesia given (D9215) so I went back into this spreadsheet and added these codes with a best guess as to how many patients received local based on what procedures the provider did that day and also based on how many patients the provider saw. Even though we don't normally bill for this code in private practice, for the MHS UBO rates there is a value attached to that AND it states it's in conjunction with an operative or surgical procedure

Sheet 2024 Rates
A1: Description Name | B1: Code | C1: DOD Weight | D1: Full Rate
A2: Periodic oral evaluation – established patient | B2: D0120 | C2: 0.62 | D2: 71.74
A3: Limited oral evaluation – problem focused | B3: D0140 | C3: 0.93 | D3: 107.61
A4: Oral evaluation for a patient under three years of age and counseling with primary caregiver | B4: D0145 | C4: 0.91 | D4: 105.3
A5: Comprehensive oral evaluation – new or established patient | B5: D0150 | C5: 1.05 | D5: 121.5
A6: Detailed and extensive oral evaluation – problem focused, by report | B6: D0160 | C6: 1.58 | D6: 182.82
A7: Re‐evaluation – post-operative office visit | B7: D0171 | C7: 0.75 | D7: 86.78
A8: Screening of a patient | B8: D0190 | C8: 0.5 | D8: 57.86
A9: Intraoral - comprehensive series of radiographic images | B9: D0210 | C9: 1.64 | D9: 189.77
A10: Intraoral – periapical first radiographic image | B10: D0220 | C10: 0.36 | D10: 41.66
A11: Intraoral – periapical each additional radiographic image | B11: D0230 | C11: 0.3 | D11: 34.71
A12: Intraoral – occlusal radiographic image | B12: D0240 | C12: 0.44 | D12: 50.91
A13: Bitewing – single radiographic image | B13: D0270 | C13: 0.37 | D13: 42.81
... A84: Patient treated | B84: W9999 | C84: 0 | D84: 0

Sheet SourceValues
F1: To update this spreadsheet: Update the RVU conversion factor from CMS, google search
A2: Operational Workload, Utilizing Relative Value Units (RVUs) | F2: Update each medical / nutrition counseling / eye procedure RVU and non-facility RVU via CMS website
A3: Mission Name: ECG IRT | G3: using "National Fee Schedule" keyword to search. 2020 file is located at https://www.cms.gov/Medicare/Medicare-Fee-for-Service-Payment/PhysicianFeeSched/PFS-Relative-Value-Files.html
A4: Procedure | B4: CPT | C4: Worked RVU | D4: Non-Facility RVU | E4: Global Value
A5: Dental | D5: CY2024 RVU Conversion Factor Dental: | E5: 115.71 | F5: Updated worked RVU and global values for CY 2022 from:
A6: Periodic oral evaluation – established patient | B6: D0120 | C6: 0.62 | D6: =(C6*$E$5)/100 -> 0.717402 | E6: 71.74 | F6: MHS UBO Rates | Health.mil
A7: Limited oral evaluation – problem focused | B7: D0140 | C7: 0.93 | D7: =(C7*$E$5)/100 -> 1.076103 | E7: 107.61
A8: Oral evaluation for a patient under three years of age and counseling with primary caregiver | B8: D0145 | C8: 0.91 | D8: =(C8*$E$5)/100 -> 1.052961 | E8: 105.3
A9: Comprehensive oral evaluation – new or established patient | B9: D0150 | C9: 1.05 | D9: =(C9*$E$5)/100 -> 1.214955 | E9: 121.5
A10: Detailed and extensive oral evaluation – problem focused, by report | B10: D0160 | C10: 1.58 | D10: =(C10*$E$5)/100 -> 1.828218 | E10: 182.82
A11: Re‐evaluation – post-operative office visit | B11: D0171 | C11: 0.75 | D11: =(C11*$E$5)/100 -> 0.867825 | E11: 86.78
A12: Screening of a patient | B12: D0190 | C12: 0.5 | D12: =(C12*$E$5)/100 -> 0.57855 | E12: 57.86
A13: Intraoral - comprehensive series of radiographic images | B13: D0210 | C13: 1.64 | D13: =(C13*$E$5)/100 -> 1.897644 | E13: 189.77
A14: Intraoral – periapical first radiographic image | B14: D0220 | C14: 0.36 | D14: =(C14*$E$5)/100 -> 0.416556 | E14: 41.66
A15: Intraoral – periapical each additional radiographic image | B15: D0230 | C15: 0.3 | D15: =(C15*$E$5)/100 -> 0.34713 | E15: 34.71
A16: Intraoral – occlusal radiographic image | B16: D0240 | C16: 0.44 | D16: =(C16*$E$5)/100 -> 0.509124 | E16: 50.91
A17: Bitewing – single radiographic image | B17: D0270 | C17: 0.37 | D17: =(C17*$E$5)/100 -> 0.428127 | E17: 42.81
A18: Bitewings – two radiographic images | B18: D0272 | C18: 0.55 | D18: =(C18*$E$5)/100 -> 0.636405 | E18: 63.64
... A88: Patient treated | B88: W9999 | C88: 0 | D88: =(C88*$E$5)/100 -> 0 | E88: 0
E90: =D90*#REF! -> #REF!
E91: =D91*#REF! -> #REF!
A92: Total Dental
A93: Grand Total

Sheet Day1
A1: Date: | B1: 45806
A2: Operational Workload, Utilizing Relative Value Units (RVUs)
A3: Exercise: | B3: IRT FY25 Puerto Rico
A4: Site Location: | W4: Total Procedures: | Y4: =Z178 -> 0 | AC4: CY2024 RVU Conversion Factor Medical: | AD4: =SourceValues!E5 -> 115.71
A5: Procedure | B5: CPT | C5: Provider | D5: Provider | E5: Provider | F5: Provider | G5: Provider | H5: Provider | I5: Provider | J5: Provider | K5: Provider | L5: Provider | M5: Provider | N5: Provider | O5: Provider | P5: Provider | Q5: Provider | R5: Provider | S5: Provider | T5: Provider | U5: Provider | V5: Provider | W5: =ProjectDetails!B35 -> USNR | X5: =ProjectDetails!B36 -> AFRC | Y5: USPHS | Z5: Total Procedures | AA5: Worked RVU | AB5: Non-Facility RVU | AC5: Global Value | AD5: Total Value
A6: Medical
A7: =[1]SourceValues!A7 -> Outpt visit - prob focused - physician - 20 min | B7: =[1]SourceValues!B7 -> 99202 | Z7: =SUM(W7:Y7) -> 0 | AA7: =[1]SourceValues!C7 -> 0.93 | AB7: =[1]SourceValues!D7 -> 2.14 | AC7: =[1]SourceValues!E7 -> 69.3574
A8: =[1]SourceValues!A8 -> Outpt visit - prob focused - physician - 30 min | B8: =[1]SourceValues!B8 -> 99203 | Z8: =SUM(W8:Y8) -> 0 | AA8: =[1]SourceValues!C8 -> 1.42 | AB8: =[1]SourceValues!D8 -> 3.03 | AC8: =[1]SourceValues!E8 -> 98.2023
A9: =[1]SourceValues!A9 -> Outpt visit - prob focused - physician - 45 min | B9: =[1]SourceValues!B9 -> 99204 | Z9: =SUM(W9:Y9) -> 0 | AA9: =[1]SourceValues!C9 -> 2.43 | AB9: =[1]SourceValues!D9 -> 4.63 | AC9: =[1]SourceValues!E9 -> 150.0583
A10: =[1]SourceValues!A10 -> Cerumen evacuation | B10: =[1]SourceValues!B10 -> 69210 | Z10: =SUM(W10:Y10) -> 0 | AA10: =[1]SourceValues!C10 -> 0.61 | AB10: =[1]SourceValues!D10 -> 1.36 | AC10: =[1]SourceValues!E10 -> 44.0776
A11: =[1]SourceValues!A11 -> Counseling, prev med , 15 min | B11: =[1]SourceValues!B11 -> 99401 | Z11: =SUM(W11:Y11) -> 0 | AA11: =[1]SourceValues!C11 -> 0.48 | AB11: =[1]SourceValues!D11 -> 1.12 | AC11: =[1]SourceValues!E11 -> 36.2992
A12: =[1]SourceValues!A12 -> Counseling, prev med, 30 min | B12: =[1]SourceValues!B12 -> 99402 | Z12: =SUM(W12:Y12) -> 0 | AA12: =[1]SourceValues!C12 -> 0.98 | AB12: =[1]SourceValues!D12 -> 1.85 | AC12: =[1]SourceValues!E12 -> 59.9585
A13: =[1]SourceValues!A13 -> Counseling, smoking cessation, < 10 min | B13: =[1]SourceValues!B13 -> 99406 | Z13: =SUM(W13:Y13) -> 0 | AA13: =[1]SourceValues!C13 -> 0.24 | AB13: =[1]SourceValues!D13 -> 0.43 | AC13: =[1]SourceValues!E13 -> 13.9363
A14: =[1]SourceValues!A14 -> Counseling, smoking cessation, > 10 min | B14: =[1]SourceValues!B14 -> 99407 | Z14: =SUM(W14:Y14) -> 0 | AA14: =[1]SourceValues!C14 -> 0.5 | AB14: =[1]SourceValues!D14 -> 0.82 | AC14: =[1]SourceValues!E14 -> 26.5762
A15: =[1]SourceValues!A15 -> Multi-System complaint | B15: =[1]SourceValues!B15 -> 99214 | Z15: =SUM(W15:Y15) -> 0 | AA15: =[1]SourceValues!C15 -> 1.5 | AB15: =[1]SourceValues!D15 -> 3.06 | AC15: =[1]SourceValues!E15 -> 99.1746
A16: =[1]SourceValues!A16 -> Regular office visit | B16: =[1]SourceValues!B16 -> 99213 | Z16: =SUM(W16:Y16) -> 0 | AA16: =[1]SourceValues!C16 -> 0.97 | AB16: =[1]SourceValues!D16 -> 2.09 | AC16: =[1]SourceValues!E16 -> 67.7369
A17: =[1]SourceValues!A17 -> Wellness Visit under 1yr New PT | B17: =[1]SourceValues!B17 -> 99381 | Z17: =SUM(W17:Y17) -> 0 | AA17: =[1]SourceValues!C17 -> 1.5 | AB17: =[1]SourceValues!D17 -> 3.06 | AC17: =[1]SourceValues!E17 -> 99.1746
A18: =[1]SourceValues!A18 -> Wellness Visit 1-4 yrs new PT | B18: =[1]SourceValues!B18 -> 99382 | Z18: =SUM(W18:Y18) -> 0 | AA18: =[1]SourceValues!C18 -> 1.6 | AB18: =[1]SourceValues!D18 -> 3.28 | AC18: =[1]SourceValues!E18 -> 106.3048
... A55: =[1]SourceValues!A55 -> #REF! | B55: =[1]SourceValues!B55 -> #REF! | Z55: =SUM(W55:Y55) -> 0 | AA55: =[1]SourceValues!C55 -> #REF! | AB55: =[1]SourceValues!D55 -> #REF! | AC55: =[1]SourceValues!E55 -> 0
A56: =[1]SourceValues!A56 -> #REF! | B56: =[1]SourceValues!B56 -> #REF! | W56: =SUM(W7:W55) -> 0 | X56: =SUM(X7:X55) -> 0 | Y56: =SUM(Y7:Y55) -> 0 | Z56: =SUM(W56:Y56) -> 0 | AA56: =[1]SourceValues!C56 -> #REF! | AB56: =[1]SourceValues!D56 -> #REF! | AC56: =[1]SourceValues!E56 -> 0
A57: =[1]SourceValues!A57 -> Total Eye
A58: =[1]SourceValues!A58 -> Dental | B58: =[1]SourceValues!B58 -> #REF! | Z58: =SUM(W58:Y58) -> 0 | AA58: =[1]SourceValues!C58 -> #REF! | AB58: =[1]SourceValues!D58 -> #REF! | AC58: =[1]SourceValues!E58 -> #REF!
A59: =[1]SourceValues!A59 -> Limited oral evaluation | B59: =[1]SourceValues!B59 -> D0140 | Z59: =SUM(W59:Y59) -> 0 | AA59: =[1]SourceValues!C59 -> 0.75 | AB59: =[1]SourceValues!D59 -> 0.243075 | AC59: =[1]SourceValues!E59 -> 7.8780607
A60: =[1]SourceValues!A60 -> Comprehensive oral evaluation | B60: =[1]SourceValues!B60 -> D0150 | Z60: =SUM(W60:Y60) -> 0 | AA60: =[1]SourceValues!C60 -> 0.84 | AB60: =[1]SourceValues!D60 -> 0.272244 | AC60: =[1]SourceValues!E60 -> 8.823428
A61: =[1]SourceValues!A61 -> Detailed/extensive oral evaluation(oral cancer screening) | B61: =[1]SourceValues!B61 -> D0160 | Z61: =SUM(W61:Y61) -> 0 | AA61: =[1]SourceValues!C61 -> 1.38 | AB61: =[1]SourceValues!D61 -> 0.447258 | AC61: =[1]SourceValues!E61 -> 14.495632
A62: =[1]SourceValues!A62 -> Extraction, coronal rem - deciduous tooth | B62: =[1]SourceValues!B62 -> D7111 | Z62: =SUM(W62:Y62) -> 0 | AA62: =[1]SourceValues!C62 -> 1.17 | AB62: =[1]SourceValues!D62 -> 0.379197 | AC62: =[1]SourceValues!E62 -> 12.289775
A63: =[1]SourceValues!A63 -> Extraction, single tooth | B63: =[1]SourceValues!B63 -> D7140 | Z63: =SUM(W63:Y63) -> 0 | AA63: =[1]SourceValues!C63 -> 1.63 | AB63: =[1]SourceValues!D63 -> 0.528283 | AC63: =[1]SourceValues!E63 -> 17.121652
A64: =[1]SourceValues!A64 -> Surgical removal of erupted tooth | B64: =[1]SourceValues!B64 -> D7210 | Z64: =SUM(W64:Y64) -> 0 | AA64: =[1]SourceValues!C64 -> 2.76 | AB64: =[1]SourceValues!D64 -> 0.894516 | AC64: =[1]SourceValues!E64 -> 28.991264
A65: =[1]SourceValues!A65 -> Ext impacted tooth soft tissue | B65: =[1]SourceValues!B65 -> D7220 | Z65: =SUM(W65:Y65) -> 0 | AA65: =[1]SourceValues!C65 -> 3.26 | AB65: =[1]SourceValues!D65 -> 1.056566 | AC65: =[1]SourceValues!E65 -> 34.243304
A66: =[1]SourceValues!A66 -> Ext impacted tooth partial bony | B66: =[1]SourceValues!B66 -> D7230 | Z66: =SUM(W66:Y66) -> 0 | AA66: =[1]SourceValues!C66 -> 4.09 | AB66: =[1]SourceValues!D66 -> 1.325569 | AC66: =[1]SourceValues!E66 -> 42.961691
A67: =[1]SourceValues!A67 -> Ext impacted tooth comp bony | B67: =[1]SourceValues!B67 -> D7240 | Z67: =SUM(W67:Y67) -> 0 | AA67: =[1]SourceValues!C67 -> 4.84 | AB67: =[1]SourceValues!D67 -> 1.568644 | AC67: =[1]SourceValues!E67 -> 50.839752
A68: =[1]SourceValues!A68 -> Surgical removal of residual roots | B68: =[1]SourceValues!B68 -> D7250 | Z68: =SUM(W68:Y68) -> 0 | AA68: =[1]SourceValues!C68 -> 2.9 | AB68: =[1]SourceValues!D68 -> 0.93989 | AC68: =[1]SourceValues!E68 -> 30.461835
A69: =[1]SourceValues!A69 -> Alveoloplasty in conjunction with extractions-four or more teeth | B69: =[1]SourceValues!B69 -> D7310 | Z69: =SUM(W69:Y69) -> 0 | AA69: =[1]SourceValues!C69 -> 2.7 | AB69: =[1]SourceValues!D69 -> 0.87507 | AC69: =[1]SourceValues!E69 -> 28.361019
A70: =[1]SourceValues!A70 -> Alveoloplasty in conjunction with extractions-one to three teeth | B70: =[1]SourceValues!B70 -> D7311 | Z70: =SUM(W70:Y70) -> 0 | AA70: =[1]SourceValues!C70 -> 2.32 | AB70: =[1]SourceValues!D70 -> 0.751912 | AC70: =[1]SourceValues!E70 -> 24.369468
A71: =[1]SourceValues!A71 -> Cleaning of teeth | B71: =[1]SourceValues!B71 -> D1110 | W71: =SUM(W58:W70) -> 0 | X71: =SUM(X58:X70) -> 0 | Y71: =SUM(Y58:Y70) -> 0 | Z71: =SUM(W71:Y71) -> 0 | AA71: =[1]SourceValues!C71 -> 0.89 | AB71: =[1]SourceValues!D71 -> 0.288449 | AC71: =[1]SourceValues!E71 -> 9.3486321
A72: =[1]SourceValues!A72 -> Amalgam Filling-1 surface
A73: =[1]SourceValues!A73 -> Amalgam Filling-2 surface | B73: =[1]SourceValues!B73 -> D2150 | Z73: =SUM(W73:Y73) -> 0 | AA73: =[1]SourceValues!C73 -> 1.6 | AB73: =[1]SourceValues!D73 -> 0.51856 | AC73: =[1]SourceValues!E73 -> 16.80653
A74: =[1]SourceValues!A74 -> Amalgam Filling-3 surface | B74: =[1]SourceValues!B74 -> D2160 | Z74: =SUM(W74:Y74) -> 0 | AA74: =[1]SourceValues!C74 -> 1.95 | AB74: =[1]SourceValues!D74 -> 0.631995 | AC74: =[1]SourceValues!E74 -> 20.482958
A75: =[1]SourceValues!A75 -> Amalgam Filling-4 surface | B75: =[1]SourceValues!B75 -> D2161 | Z75: =SUM(W75:Y75) -> 0 | AA75: =[1]SourceValues!C75 -> 2.29 | AB75: =[1]SourceValues!D75 -> 0.742189 | AC75: =[1]SourceValues!E75 -> 24.054345
A76: =[1]SourceValues!A76 -> Composite Filling Anterior-1 surface | B76: =[1]SourceValues!B76 -> D2330 | Z76: =SUM(W76:Y76) -> 0 | AA76: =[1]SourceValues!C76 -> 1.55 | AB76: =[1]SourceValues!D76 -> 0.502355 | AC76: =[1]SourceValues!E76 -> 16.281326
A77: =[1]SourceValues!A77 -> Composite Filling Anterior-2 surface | B77: =[1]SourceValues!B77 -> D2331 | Z77: =SUM(W77:Y77) -> 0 | AA77: =[1]SourceValues!C77 -> 1.94 | AB77: =[1]SourceValues!D77 -> 0.628754 | AC77: =[1]SourceValues!E77 -> 20.377917
A78: =[1]SourceValues!A78 -> Composite Filling Anterior-3 surface | B78: =[1]SourceValues!B78 -> D2332 | Z78: =SUM(W78:Y78) -> 0 | AA78: =[1]SourceValues!C78 -> 2.31 | AB78: =[1]SourceValues!D78 -> 0.748671 | AC78: =[1]SourceValues!E78 -> 24.264427
A79: =[1]SourceValues!A79 -> Composite Filling Anterior-4 surface | B79: =[1]SourceValues!B79 -> D2335 | Z79: =SUM(W79:Y79) -> 0 | AA79: =[1]SourceValues!C79 -> 2.81 | AB79: =[1]SourceValues!D79 -> 0.910721 | AC79: =[1]SourceValues!E79 -> 29.516468
A80: =[1]SourceValues!A80 -> Composite Filling Posterior-1 surface | B80: =[1]SourceValues!B80 -> D2391 | Z80: =SUM(W80:Y80) -> 0 | AA80: =[1]SourceValues!C80 -> 1.71 | AB80: =[1]SourceValues!D80 -> 0.554211 | AC80: =[1]SourceValues!E80 -> 17.961979
A81: =[1]SourceValues!A81 -> Composite Filling Posterior-2 surface | B81: =[1]SourceValues!B81 -> D2392 | Z81: =SUM(W81:Y81) -> 0 | AA81: =[1]SourceValues!C81 -> 2.19 | AB81: =[1]SourceValues!D81 -> 0.709779 | AC81: =[1]SourceValues!E81 -> 23.003937
A82: =[1]SourceValues!A82 -> Composite Filling Posterior-3 surface | B82: =[1]SourceValues!B82 -> D2393 | Z82: =SUM(W82:Y82) -> 0 | AA82: =[1]SourceValues!C82 -> 2.64 | AB82: =[1]SourceValues!D82 -> 0.855624 | AC82: =[1]SourceValues!E82 -> 27.730774
A83: =[1]SourceValues!A83 -> Composite Filling Posterior-4 surface | B83: =[1]SourceValues!B83 -> D2394 | Z83: =SUM(W83:Y83) -> 0 | AA83: =[1]SourceValues!C83 -> 3.09 | AB83: =[1]SourceValues!D83 -> 1.001469 | AC83: =[1]SourceValues!E83 -> 32.45761
A84: =[1]SourceValues!A84 -> Sedative Filling | B84: =[1]SourceValues!B84 -> D2940 | Z84: =SUM(W84:Y84) -> 0 | AA84: =[1]SourceValues!C84 -> 1.09 | AB84: =[1]SourceValues!D84 -> 0.353269 | AC84: =[1]SourceValues!E84 -> 11.449448
... A90: =[1]SourceValues!A90 -> Radiograph-bitwing X 1 | B90: =[1]SourceValues!B90 -> D0220 | Z90: =SUM(W90:Y90) -> 0 | AA90: =[1]SourceValues!C90 -> 0.29 | AB90: =[1]SourceValues!D90 -> 0.093989 | AC90: =[1]SourceValues!E90 -> 3.0461835
A91: =[1]SourceValues!A91 -> Radiograph-bitwing X 2 | B91: =[1]SourceValues!B91 -> D0272 | W91: =SUM(W73:W90) -> 0 | X91: =SUM(X73:X90) -> 0 | Y91: =SUM(Y73:Y90) -> 0 | Z91: =SUM(W91:Y91) -> 0 | AA91: =[1]SourceValues!C91 -> 0.45 | AB91: =[1]SourceValues!D91 -> 0.145845 | AC91: =[1]SourceValues!E91 -> 4.7268364
A92: =SourceValues!A5 -> Dental | C92: RANK Name
B93: Code | C93: Service
A94: Patient Seating (Encounter) | B94: W9999 | W94: =SUM(C94:N94) -> 0 | X94: =SUM(O94:T94) -> 0 | Y94: =SUM(U94:V94) -> 0 | Z94: =SUM(W94:Y94) -> 0 | AD94: =Z94*AC94 -> 0
A95: Periodic oral evaluation – established patient | B95: D0120 | W95: =SUM(C95:N95) -> 0 | X95: =SUM(O95:T95) -> 0 | Y95: =SUM(U95:V95) -> 0 | Z95: =SUM(W95:Y95) -> 0 | AA95: =VLOOKUP(B95,SourceValues!$B$6:$E$88,2,FALSE) -> 0.62 | AB95: =VLOOKUP(B95,SourceValues!$B$6:$E$88,3,FALSE) -> 0.717402 | AC95: =VLOOKUP(B95,SourceValues!$B$6:$E$88,4,FALSE) -> 71.74 | AD95: =Z95*AC95 -> 0
A96: Limited oral evaluation – problem focused | B96: D0140 | W96: =SUM(C96:N96) -> 0 | X96: =SUM(O96:T96) -> 0 | Y96: =SUM(U96:V96) -> 0 | Z96: =SUM(W96:Y96) -> 0 | AA96: =VLOOKUP(B96,SourceValues!$B$6:$E$88,2,FALSE) -> 0.93 | AB96: =VLOOKUP(B96,SourceValues!$B$6:$E$88,3,FALSE) -> 1.076103 | AC96: =VLOOKUP(B96,SourceValues!$B$6:$E$88,4,FALSE) -> 107.61 | AD96: =Z96*AC96 -> 0
A97: Oral evaluation for a patient under three years of age and counseling with primary caregiver | B97: D0145 | AA97: =VLOOKUP(B97,SourceValues!$B$6:$E$88,2,FALSE) -> 0.91 | AB97: =VLOOKUP(B97,SourceValues!$B$6:$E$88,3,FALSE) -> 1.052961 | AC97: =VLOOKUP(B97,SourceValues!$B$6:$E$88,4,FALSE) -> 105.3 | AD97: =Z97*AC97 -> 0
A98: Comprehensive oral evaluation – new or established patient | B98: D0150 | W98: =SUM(C98:N98) -> 0 | X98: =SUM(O98:T98) -> 0 | Y98: =SUM(U98:V98) -> 0 | Z98: =SUM(W98:Y98) -> 0 | AA98: =VLOOKUP(B98,SourceValues!$B$6:$E$88,2,FALSE) -> 1.05 | AB98: =VLOOKUP(B98,SourceValues!$B$6:$E$88,3,FALSE) -> 1.214955 | AC98: =VLOOKUP(B98,SourceValues!$B$6:$E$88,4,FALSE) -> 121.5 | AD98: =Z98*AC98 -> 0
A99: Detailed and extensive oral evaluation – problem focused, by report | B99: D0160 | W99: =SUM(C99:N99) -> 0 | X99: =SUM(O99:T99) -> 0 | Y99: =SUM(U99:V99) -> 0 | Z99: =SUM(W99:Y99) -> 0 | AA99: =VLOOKUP(B99,SourceValues!$B$6:$E$88,2,FALSE) -> 1.58 | AB99: =VLOOKUP(B99,SourceValues!$B$6:$E$88,3,FALSE) -> 1.828218 | AC99: =VLOOKUP(B99,SourceValues!$B$6:$E$88,4,FALSE) -> 182.82 | AD99: =Z99*AC99 -> 0
A100: Re‐evaluation – post-operative office visit | B100: D0171 | W100: =SUM(C100:N100) -> 0 | X100: =SUM(O100:T100) -> 0 | Y100: =SUM(U100:V100) -> 0 | Z100: =SUM(W100:Y100) -> 0 | AA100: =VLOOKUP(B100,SourceValues!$B$6:$E$88,2,FALSE) -> 0.75 | AB100: =VLOOKUP(B100,SourceValues!$B$6:$E$88,3,FALSE) -> 0.867825 | AC100: =VLOOKUP(B100,SourceValues!$B$6:$E$88,4,FALSE) -> 86.78 | AD100: =Z100*AC100 -> 0
A101: Screening of a patient | B101: D0190 | W101: =SUM(C101:N101) -> 0 | X101: =SUM(O101:T101) -> 0 | Y101: =SUM(U101:V101) -> 0 | Z101: =SUM(W101:Y101) -> 0 | AA101: =VLOOKUP(B101,SourceValues!$B$6:$E$88,2,FALSE) -> 0.5 | AB101: =VLOOKUP(B101,SourceValues!$B$6:$E$88,3,FALSE) -> 0.57855 | AC101: =VLOOKUP(B101,SourceValues!$B$6:$E$88,4,FALSE) -> 57.86 | AD101: =Z101*AC101 -> 0
A102: Intraoral - comprehensive series of radiographic images | B102: D0210 | W102: =SUM(C102:N102) -> 0 | X102: =SUM(O102:T102) -> 0 | Y102: =SUM(U102:V102) -> 0 | Z102: =SUM(W102:Y102) -> 0 | AA102: =VLOOKUP(B102,SourceValues!$B$6:$E$88,2,FALSE) -> 1.64 | AB102: =VLOOKUP(B102,SourceValues!$B$6:$E$88,3,FALSE) -> 1.897644 | AC102: =VLOOKUP(B102,SourceValues!$B$6:$E$88,4,FALSE) -> 189.77 | AD102: =Z102*AC102 -> 0
A103: Intraoral – periapical first radiographic image | B103: D0220 | W103: =SUM(C103:N103) -> 0 | X103: =SUM(O103:T103) -> 0 | Y103: =SUM(U103:V103) -> 0 | Z103: =SUM(W103:Y103) -> 0 | AA103: =VLOOKUP(B103,SourceValues!$B$6:$E$88,2,FALSE) -> 0.36 | AB103: =VLOOKUP(B103,SourceValues!$B$6:$E$88,3,FALSE) -> 0.416556 | AC103: =VLOOKUP(B103,SourceValues!$B$6:$E$88,4,FALSE) -> 41.66 | AD103: =Z103*AC103 -> 0
A104: Intraoral – periapical each additional radiographic image | B104: D0230 | W104: =SUM(C104:N104) -> 0 | X104: =SUM(O104:T104) -> 0 | Y104: =SUM(U104:V104) -> 0 | Z104: =SUM(W104:Y104) -> 0 | AA104: =VLOOKUP(B104,SourceValues!$B$6:$E$88,2,FALSE) -> 0.3 | AB104: =VLOOKUP(B104,SourceValues!$B$6:$E$88,3,FALSE) -> 0.34713 | AC104: =VLOOKUP(B104,SourceValues!$B$6:$E$88,4,FALSE) -> 34.71 | AD104: =Z104*AC104 -> 0
A105: Intraoral – occlusal radiographic image | B105: D0240 | W105: =SUM(C105:N105) -> 0 | X105: =SUM(O105:T105) -> 0 | Y105: =SUM(U105:V105) -> 0 | Z105: =SUM(W105:Y105) -> 0 | AA105: =VLOOKUP(B105,SourceValues!$B$6:$E$88,2,FALSE) -> 0.44 | AB105: =VLOOKUP(B105,SourceValues!$B$6:$E$88,3,FALSE) -> 0.509124 | AC105: =VLOOKUP(B105,SourceValues!$B$6:$E$88,4,FALSE) -> 50.91 | AD105: =Z105*AC105 -> 0
A106: Bitewing – single radiographic image | B106: D0270 | W106: =SUM(C106:N106) -> 0 | X106: =SUM(O106:T106) -> 0 | Y106: =SUM(U106:V106) -> 0 | Z106: =SUM(W106:Y106) -> 0 | AA106: =VLOOKUP(B106,SourceValues!$B$6:$E$88,2,FALSE) -> 0.37 | AB106: =VLOOKUP(B106,SourceValues!$B$6:$E$88,3,FALSE) -> 0.428127 | AC106: =VLOOKUP(B106,SourceValues!$B$6:$E$88,4,FALSE) -> 42.81 | AD106: =Z106*AC106 -> 0
A107: Bitewings – two radiographic images | B107: D0272 | W107: =SUM(C107:N107) -> 0 | X107: =SUM(O107:T107) -> 0 | Y107: =SUM(U107:V107) -> 0 | Z107: =SUM(W107:Y107) -> 0 | AA107: =VLOOKUP(B107,SourceValues!$B$6:$E$88,2,FALSE) -> 0.55 | AB107: =VLOOKUP(B107,SourceValues!$B$6:$E$88,3,FALSE) -> 0.636405 | AC107: =VLOOKUP(B107,SourceValues!$B$6:$E$88,4,FALSE) -> 63.64 | AD107: =Z107*AC107 -> 0
A108: Bitewings – three radiographic images | B108: D0273 | W108: =SUM(C108:N108) -> 0 | X108: =SUM(O108:T108) -> 0 | Y108: =SUM(U108:V108) -> 0 | Z108: =SUM(W108:Y108) -> 0 | AA108: =VLOOKUP(B108,SourceValues!$B$6:$E$88,2,FALSE) -> 0.63 | AB108: =VLOOKUP(B108,SourceValues!$B$6:$E$88,3,FALSE) -> 0.728973 | AC108: =VLOOKUP(B108,SourceValues!$B$6:$E$88,4,FALSE) -> 72.9 | AD108: =Z108*AC108 -> 0
A109: Bitewings – four radiographic images | B109: D0274 | W109: =SUM(C109:N109) -> 0 | X109: =SUM(O109:T109) -> 0 | Y109: =SUM(U109:V109) -> 0 | Z109: =SUM(W109:Y109) -> 0 | AA109: =VLOOKUP(B109,SourceValues!$B$6:$E$88,2,FALSE) -> 0.76 | AB109: =VLOOKUP(B109,SourceValues!$B$6:$E$88,3,FALSE) -> 0.879396 | AC109: =VLOOKUP(B109,SourceValues!$B$6:$E$88,4,FALSE) -> 87.94 | AD109: =Z109*AC109 -> 0
... A168: Palliative treatment of dental pain - per visit | B168: D9110 | W168: =SUM(C168:N168) -> 0 | X168: =SUM(O168:T168) -> 0 | Y168: =SUM(U168:V168) -> 0 | Z168: =SUM(W168:Y168) -> 0 | AA168: =VLOOKUP(B168,SourceValues!$B$6:$E$88,2,FALSE) -> 1.38 | AB168: =VLOOKUP(B168,SourceValues!$B$6:$E$88,3,FALSE) -> 1.596798 | AC168: =VLOOKUP(B168,SourceValues!$B$6:$E$88,4,FALSE) -> 159.68 | AD168: =Z168*AC168 -> 0
A169: Regional block anesthesia | B169: D9211 | W169: =SUM(C169:N169) -> 0 | X169: =SUM(O169:T169) -> 0 | Y169: =SUM(U169:V169) -> 0 | Z169: =SUM(W169:Y169) -> 0 | AA169: =VLOOKUP(B169,SourceValues!$B$6:$E$88,2,FALSE) -> 0.62 | AB169: =VLOOKUP(B169,SourceValues!$B$6:$E$88,3,FALSE) -> 0.717402 | AC169: =VLOOKUP(B169,SourceValues!$B$6:$E$88,4,FALSE) -> 71.74 | AD169: =Z169*AC169 -> 0 | AE169: Total Cleanings (Daily) | AF169: Grand Total Cleanings
A170: Local anesthesia in conjunction with operative or surgical procedures | B170: D9215 | W170: =SUM(C170:N170) -> 0 | X170: =SUM(O170:T170) -> 0 | Y170: =SUM(U170:V170) -> 0 | Z170: =SUM(W170:Y170) -> 0 | AA170: =VLOOKUP(B170,SourceValues!$B$6:$E$88,2,FALSE) -> 0.39 | AB170: =VLOOKUP(B170,SourceValues!$B$6:$E$88,3,FALSE) -> 0.451269 | AC170: =VLOOKUP(B170,SourceValues!$B$6:$E$88,4,FALSE) -> 45.13 | AD170: =Z170*AC170 -> 0 | AE170: =SUM(Z112,Z113,Z147) -> 0 | AF170: =AE170 -> 0
A171: Consultation – diagnostic service provided by dentist or physician other than requesting dentist or physician | B171: D9310 | W171: =SUM(C171:N171) -> 0 | X171: =SUM(O171:T171) -> 0 | Y171: =SUM(U171:V171) -> 0 | Z171: =SUM(W171:Y171) -> 0 | AA171: =VLOOKUP(B171,SourceValues!$B$6:$E$88,2,FALSE) -> 1.47 | AB171: =VLOOKUP(B171,SourceValues!$B$6:$E$88,3,FALSE) -> 1.700937 | AC171: =VLOOKUP(B171,SourceValues!$B$6:$E$88,4,FALSE) -> 170.1 | AD171: =Z171*AC171 -> 0 | AE171: Total Fillings (Daily) | AF171: Grand Total Fillings
A172: Drugs or medicaments dispensed in the office for home use | B172: D9630 | W172: =SUM(C172:N172) -> 0 | X172: =SUM(O172:T172) -> 0 | Y172: =SUM(U172:V172) -> 0 | Z172: =SUM(W172:Y172) -> 0 | AA172: =VLOOKUP(B172,SourceValues!$B$6:$E$88,2,FALSE) -> 0.34 | AB172: =VLOOKUP(B172,SourceValues!$B$6:$E$88,3,FALSE) -> 0.393414 | AC172: =VLOOKUP(B172,SourceValues!$B$6:$E$88,4,FALSE) -> 39.34 | AD172: =Z172*AC172 -> 0 | AE172: =SUM(Z122:Z138) -> 0 | AF172: =AE172 -> 0
A173: Application of desensitizing medicament | B173: D9910 | W173: =SUM(C173:N173) -> 0 | X173: =SUM(O173:T173) -> 0 | Y173: =SUM(U173:V173) -> 0 | Z173: =SUM(W173:Y173) -> 0 | AA173: =VLOOKUP(B173,SourceValues!$B$6:$E$88,2,FALSE) -> 0.66 | AB173: =VLOOKUP(B173,SourceValues!$B$6:$E$88,3,FALSE) -> 0.763686 | AC173: =VLOOKUP(B173,SourceValues!$B$6:$E$88,4,FALSE) -> 76.37 | AD173: =Z173*AC173 -> 0 | AE173: Total Extractions (Daily) | AF173: Grand Total Extractions
A174: Treatment of complications (post–surgical) – unusual circumstances, by report | B174: D9930 | W174: =SUM(C174:N174) -> 0 | X174: =SUM(O174:T174) -> 0 | Y174: =SUM(U174:V174) -> 0 | Z174: =SUM(W174:Y174) -> 0 | AA174: =VLOOKUP(B174,SourceValues!$B$6:$E$88,2,FALSE) -> 1.27 | AB174: =VLOOKUP(B174,SourceValues!$B$6:$E$88,3,FALSE) -> 1.469517 | AC174: =VLOOKUP(B174,SourceValues!$B$6:$E$88,4,FALSE) -> 146.95 | AD174: =Z174*AC174 -> 0 | AE174: =SUM(Z154:Z159) -> 0 | AF174: =AE174 -> 0
A175: Occlusal adjustment – limited | B175: D9951 | W175: =SUM(C175:N175) -> 0 | X175: =SUM(O175:T175) -> 0 | Y175: =SUM(U175:V175) -> 0 | Z175: =SUM(W175:Y175) -> 0 | AA175: =VLOOKUP(B175,SourceValues!$B$6:$E$88,2,FALSE) -> 1.47 | AB175: =VLOOKUP(B175,SourceValues!$B$6:$E$88,3,FALSE) -> 1.700937 | AC175: =VLOOKUP(B175,SourceValues!$B$6:$E$88,4,FALSE) -> 170.1 | AD175: =Z175*AC175 -> 0 | AE175: Mission Total Procedures
A176: Unspecified adjunctive procedure, by report | B176: D9999 | W176: =SUM(C176:N176) -> 0 | X176: =SUM(O176:T176) -> 0 | Y176: =SUM(U176:V176) -> 0 | Z176: =SUM(W176:Y176) -> 0 | AA176: =VLOOKUP(B176,SourceValues!$B$6:$E$88,2,FALSE) -> 0 | AB176: =VLOOKUP(B176,SourceValues!$B$6:$E$88,3,FALSE) -> 0 | AC176: =VLOOKUP(B176,SourceValues!$B$6:$E$88,4,FALSE) -> 0 | AD176: =Z176*AC176 -> 0 | AE176: =Z177 -> 0
A177: Total Dental | C177: =SUM(C96:C156) -> 0 | D177: =SUM(D96:D156) -> 0 | E177: 0 | F177: =SUM(F96:F156) -> 0 | N177: =SUM(N96:N156) -> 0 | S177: =SUM(S96:S156) -> 0 | W177: =SUM(W95:W176) -> 0 | X177: =SUM(X95:X176) -> 0 | Y177: =SUM(Y95:Y176) -> 0 | Z177: =SUM(Z95:Z176) -> 0 | AA177: - | AB177: - | AC177: - | AD177: =SUM(AD94:AD176) -> 0 | AE177: Mission Total Patients
A178: Grand Total | AD178: =AD177 -> 0 | AE178: =Z94 -> 0

Sheet Day2
A1: Date: | B1: 45806
A2: Operational Workload, Utilizing Relative Value Units (RVUs)
A3: Exercise: | B3: IRT FY25 Puerto Rico
A4: Site Location: | W4: Total Procedures: | Y4: =Z178 -> 0 | AC4: CY2024 RVU Conversion Factor Medical: | AD4: =SourceValues!E5 -> 115.71
A5: Procedure | B5: CPT | C5: Provider | D5: Provider | E5: Provider | F5: Provider | G5: Provider | H5: Provider | I5: Provider | J5: Provider | K5: Provider | L5: Provider | M5: Provider | N5: Provider | O5: Provider | P5: Provider | Q5: Provider | R5: Provider | S5: Provider | T5: Provider | U5: Provider | V5: Provider | W5: =ProjectDetails!B35 -> USNR | X5: =ProjectDetails!B36 -> AFRC | Y5: USPHS | Z5: Total Procedures | AA5: Worked RVU | AB5: Non-Facility RVU | AC5: Global Value | AD5: Total Value
A6: Medical
A7: =[1]SourceValues!A7 -> Outpt visit - prob focused - physician - 20 min | B7: =[1]SourceValues!B7 -> 99202 | Z7: =SUM(W7:Y7) -> 0 | AA7: =[1]SourceValues!C7 -> 0.93 | AB7: =[1]SourceValues!D7 -> 2.14 | AC7: =[1]SourceValues!E7 -> 69.3574
A8: =[1]SourceValues!A8 -> Outpt visit - prob focused - physician - 30 min | B8: =[1]SourceValues!B8 -> 99203 | Z8: =SUM(W8:Y8) -> 0 | AA8: =[1]SourceValues!C8 -> 1.42 | AB8: =[1]SourceValues!D8 -> 3.03 | AC8: =[1]SourceValues!E8 -> 98.2023
A9: =[1]SourceValues!A9 -> Outpt visit - prob focused - physician - 45 min | B9: =[1]SourceValues!B9 -> 99204 | Z9: =SUM(W9:Y9) -> 0 | AA9: =[1]SourceValues!C9 -> 2.43 | AB9: =[1]SourceValues!D9 -> 4.63 | AC9: =[1]SourceValues!E9 -> 150.0583
A10: =[1]SourceValues!A10 -> Cerumen evacuation | B10: =[1]SourceValues!B10 -> 69210 | Z10: =SUM(W10:Y10) -> 0 | AA10: =[1]SourceValues!C10 -> 0.61 | AB10: =[1]SourceValues!D10 -> 1.36 | AC10: =[1]SourceValues!E10 -> 44.0776
A11: =[1]SourceValues!A11 -> Counseling, prev med , 15 min | B11: =[1]SourceValues!B11 -> 99401 | Z11: =SUM(W11:Y11) -> 0 | AA11: =[1]SourceValues!C11 -> 0.48 | AB11: =[1]SourceValues!D11 -> 1.12 | AC11: =[1]SourceValues!E11 -> 36.2992
A12: =[1]SourceValues!A12 -> Counseling, prev med, 30 min | B12: =[1]SourceValues!B12 -> 99402 | Z12: =SUM(W12:Y12) -> 0 | AA12: =[1]SourceValues!C12 -> 0.98 | AB12: =[1]SourceValues!D12 -> 1.85 | AC12: =[1]SourceValues!E12 -> 59.9585
A13: =[1]SourceValues!A13 -> Counseling, smoking cessation, < 10 min | B13: =[1]SourceValues!B13 -> 99406 | Z13: =SUM(W13:Y13) -> 0 | AA13: =[1]SourceValues!C13 -> 0.24 | AB13: =[1]SourceValues!D13 -> 0.43 | AC13: =[1]SourceValues!E13 -> 13.9363
A14: =[1]SourceValues!A14 -> Counseling, smoking cessation, > 10 min | B14: =[1]SourceValues!B14 -> 99407 | Z14: =SUM(W14:Y14) -> 0 | AA14: =[1]SourceValues!C14 -> 0.5 | AB14: =[1]SourceValues!D14 -> 0.82 | AC14: =[1]SourceValues!E14 -> 26.5762
A15: =[1]SourceValues!A15 -> Multi-System complaint | B15: =[1]SourceValues!B15 -> 99214 | Z15: =SUM(W15:Y15) -> 0 | AA15: =[1]SourceValues!C15 -> 1.5 | AB15: =[1]SourceValues!D15 -> 3.06 | AC15: =[1]SourceValues!E15 -> 99.1746
A16: =[1]SourceValues!A16 -> Regular office visit | B16: =[1]SourceValues!B16 -> 99213 | Z16: =SUM(W16:Y16) -> 0 | AA16: =[1]SourceValues!C16 -> 0.97 | AB16: =[1]SourceValues!D16 -> 2.09 | AC16: =[1]SourceValues!E16 -> 67.7369
A17: =[1]SourceValues!A17 -> Wellness Visit under 1yr New PT | B17: =[1]SourceValues!B17 -> 99381 | Z17: =SUM(W17:Y17) -> 0 | AA17: =[1]SourceValues!C17 -> 1.5 | AB17: =[1]SourceValues!D17 -> 3.06 | AC17: =[1]SourceValues!E17 -> 99.1746
A18: =[1]SourceValues!A18 -> Wellness Visit 1-4 yrs new PT | B18: =[1]SourceValues!B18 -> 99382 | Z18: =SUM(W18:Y18) -> 0 | AA18: =[1]SourceValues!C18 -> 1.6 | AB18: =[1]SourceValues!D18 -> 3.28 | AC18: =[1]SourceValues!E18 -> 106.3048
... A55: =[1]SourceValues!A55 -> #REF! | B55: =[1]SourceValues!B55 -> #REF! | Z55: =SUM(W55:Y55) -> 0 | AA55: =[1]SourceValues!C55 -> #REF! | AB55: =[1]SourceValues!D55 -> #REF! | AC55: =[1]SourceValues!E55 -> 0
A56: =[1]SourceValues!A56 -> #REF! | B56: =[1]SourceValues!B56 -> #REF! | W56: =SUM(W7:W55) -> 0 | X56: =SUM(X7:X55) -> 0 | Y56: =SUM(Y7:Y55) -> 0 | Z56: =SUM(W56:Y56) -> 0 | AA56: =[1]SourceValues!C56 -> #REF! | AB56: =[1]SourceValues!D56 -> #REF! | AC56: =[1]SourceValues!E56 -> 0
A57: =[1]SourceValues!A57 -> Total Eye
A58: =[1]SourceValues!A58 -> Dental | B58: =[1]SourceValues!B58 -> #REF! | Z58: =SUM(W58:Y58) -> 0 | AA58: =[1]SourceValues!C58 -> #REF! | AB58: =[1]SourceValues!D58 -> #REF! | AC58: =[1]SourceValues!E58 -> #REF!
A59: =[1]SourceValues!A59 -> Limited oral evaluation | B59: =[1]SourceValues!B59 -> D0140 | Z59: =SUM(W59:Y59) -> 0 | AA59: =[1]SourceValues!C59 -> 0.75 | AB59: =[1]SourceValues!D59 -> 0.243075 | AC59: =[1]SourceValues!E59 -> 7.8780607
A60: =[1]SourceValues!A60 -> Comprehensive oral evaluation | B60: =[1]SourceValues!B60 -> D0150 | Z60: =SUM(W60:Y60) -> 0 | AA60: =[1]SourceValues!C60 -> 0.84 | AB60: =[1]SourceValues!D60 -> 0.272244 | AC60: =[1]SourceValues!E60 -> 8.823428
A61: =[1]SourceValues!A61 -> Detailed/extensive oral evaluation(oral cancer screening) | B61: =[1]SourceValues!B61 -> D0160 | Z61: =SUM(W61:Y61) -> 0 | AA61: =[1]SourceValues!C61 -> 1.38 | AB61: =[1]SourceValues!D61 -> 0.447258 | AC61: =[1]SourceValues!E61 -> 14.495632
A62: =[1]SourceValues!A62 -> Extraction, coronal rem - deciduous tooth | B62: =[1]SourceValues!B62 -> D7111 | Z62: =SUM(W62:Y62) -> 0 | AA62: =[1]SourceValues!C62 -> 1.17 | AB62: =[1]SourceValues!D62 -> 0.379197 | AC62: =[1]SourceValues!E62 -> 12.289775
A63: =[1]SourceValues!A63 -> Extraction, single tooth | B63: =[1]SourceValues!B63 -> D7140 | Z63: =SUM(W63:Y63) -> 0 | AA63: =[1]SourceValues!C63 -> 1.63 | AB63: =[1]SourceValues!D63 -> 0.528283 | AC63: =[1]SourceValues!E63 -> 17.121652
A64: =[1]SourceValues!A64 -> Surgical removal of erupted tooth | B64: =[1]SourceValues!B64 -> D7210 | Z64: =SUM(W64:Y64) -> 0 | AA64: =[1]SourceValues!C64 -> 2.76 | AB64: =[1]SourceValues!D64 -> 0.894516 | AC64: =[1]SourceValues!E64 -> 28.991264
A65: =[1]SourceValues!A65 -> Ext impacted tooth soft tissue | B65: =[1]SourceValues!B65 -> D7220 | Z65: =SUM(W65:Y65) -> 0 | AA65: =[1]SourceValues!C65 -> 3.26 | AB65: =[1]SourceValues!D65 -> 1.056566 | AC65: =[1]SourceValues!E65 -> 34.243304
A66: =[1]SourceValues!A66 -> Ext impacted tooth partial bony | B66: =[1]SourceValues!B66 -> D7230 | Z66: =SUM(W66:Y66) -> 0 | AA66: =[1]SourceValues!C66 -> 4.09 | AB66: =[1]SourceValues!D66 -> 1.325569 | AC66: =[1]SourceValues!E66 -> 42.961691
A67: =[1]SourceValues!A67 -> Ext impacted tooth comp bony | B67: =[1]SourceValues!B67 -> D7240 | Z67: =SUM(W67:Y67) -> 0 | AA67: =[1]SourceValues!C67 -> 4.84 | AB67: =[1]SourceValues!D67 -> 1.568644 | AC67: =[1]SourceValues!E67 -> 50.839752
A68: =[1]SourceValues!A68 -> Surgical removal of residual roots | B68: =[1]SourceValues!B68 -> D7250 | Z68: =SUM(W68:Y68) -> 0 | AA68: =[1]SourceValues!C68 -> 2.9 | AB68: =[1]SourceValues!D68 -> 0.93989 | AC68: =[1]SourceValues!E68 -> 30.461835
A69: =[1]SourceValues!A69 -> Alveoloplasty in conjunction with extractions-four or more teeth | B69: =[1]SourceValues!B69 -> D7310 | Z69: =SUM(W69:Y69) -> 0 | AA69: =[1]SourceValues!C69 -> 2.7 | AB69: =[1]SourceValues!D69 -> 0.87507 | AC69: =[1]SourceValues!E69 -> 28.361019
A70: =[1]SourceValues!A70 -> Alveoloplasty in conjunction with extractions-one to three teeth | B70: =[1]SourceValues!B70 -> D7311 | Z70: =SUM(W70:Y70) -> 0 | AA70: =[1]SourceValues!C70 -> 2.32 | AB70: =[1]SourceValues!D70 -> 0.751912 | AC70: =[1]SourceValues!E70 -> 24.369468
A71: =[1]SourceValues!A71 -> Cleaning of teeth | B71: =[1]SourceValues!B71 -> D1110 | W71: =SUM(W58:W70) -> 0 | X71: =SUM(X58:X70) -> 0 | Y71: =SUM(Y58:Y70) -> 0 | Z71: =SUM(W71:Y71) -> 0 | AA71: =[1]SourceValues!C71 -> 0.89 | AB71: =[1]SourceValues!D71 -> 0.288449 | AC71: =[1]SourceValues!E71 -> 9.3486321
A72: =[1]SourceValues!A72 -> Amalgam Filling-1 surface
A73: =[1]SourceValues!A73 -> Amalgam Filling-2 surface | B73: =[1]SourceValues!B73 -> D2150 | Z73: =SUM(W73:Y73) -> 0 | AA73: =[1]SourceValues!C73 -> 1.6 | AB73: =[1]SourceValues!D73 -> 0.51856 | AC73: =[1]SourceValues!E73 -> 16.80653
A74: =[1]SourceValues!A74 -> Amalgam Filling-3 surface | B74: =[1]SourceValues!B74 -> D2160 | Z74: =SUM(W74:Y74) -> 0 | AA74: =[1]SourceValues!C74 -> 1.95 | AB74: =[1]SourceValues!D74 -> 0.631995 | AC74: =[1]SourceValues!E74 -> 20.482958
A75: =[1]SourceValues!A75 -> Amalgam Filling-4 surface | B75: =[1]SourceValues!B75 -> D2161 | Z75: =SUM(W75:Y75) -> 0 | AA75: =[1]SourceValues!C75 -> 2.29 | AB75: =[1]SourceValues!D75 -> 0.742189 | AC75: =[1]SourceValues!E75 -> 24.054345
A76: =[1]SourceValues!A76 -> Composite Filling Anterior-1 surface | B76: =[1]SourceValues!B76 -> D2330 | Z76: =SUM(W76:Y76) -> 0 | AA76: =[1]SourceValues!C76 -> 1.55 | AB76: =[1]SourceValues!D76 -> 0.502355 | AC76: =[1]SourceValues!E76 -> 16.281326
A77: =[1]SourceValues!A77 -> Composite Filling Anterior-2 surface | B77: =[1]SourceValues!B77 -> D2331 | Z77: =SUM(W77:Y77) -> 0 | AA77: =[1]SourceValues!C77 -> 1.94 | AB77: =[1]SourceValues!D77 -> 0.628754 | AC77: =[1]SourceValues!E77 -> 20.377917
A78: =[1]SourceValues!A78 -> Composite Filling Anterior-3 surface | B78: =[1]SourceValues!B78 -> D2332 | Z78: =SUM(W78:Y78) -> 0 | AA78: =[1]SourceValues!C78 -> 2.31 | AB78: =[1]SourceValues!D78 -> 0.748671 | AC78: =[1]SourceValues!E78 -> 24.264427
A79: =[1]SourceValues!A79 -> Composite Filling Anterior-4 surface | B79: =[1]SourceValues!B79 -> D2335 | Z79: =SUM(W79:Y79) -> 0 | AA79: =[1]SourceValues!C79 -> 2.81 | AB79: =[1]SourceValues!D79 -> 0.910721 | AC79: =[1]SourceValues!E79 -> 29.516468
A80: =[1]SourceValues!A80 -> Composite Filling Posterior-1 surface | B80: =[1]SourceValues!B80 -> D2391 | Z80: =SUM(W80:Y80) -> 0 | AA80: =[1]SourceValues!C80 -> 1.71 | AB80: =[1]SourceValues!D80 -> 0.554211 | AC80: =[1]SourceValues!E80 -> 17.961979
A81: =[1]SourceValues!A81 -> Composite Filling Posterior-2 surface | B81: =[1]SourceValues!B81 -> D2392 | Z81: =SUM(W81:Y81) -> 0 | AA81: =[1]SourceValues!C81 -> 2.19 | AB81: =[1]SourceValues!D81 -> 0.709779 | AC81: =[1]SourceValues!E81 -> 23.003937
A82: =[1]SourceValues!A82 -> Composite Filling Posterior-3 surface | B82: =[1]SourceValues!B82 -> D2393 | Z82: =SUM(W82:Y82) -> 0 | AA82: =[1]SourceValues!C82 -> 2.64 | AB82: =[1]SourceValues!D82 -> 0.855624 | AC82: =[1]SourceValues!E82 -> 27.730774
A83: =[1]SourceValues!A83 -> Composite Filling Posterior-4 surface | B83: =[1]SourceValues!B83 -> D2394 | Z83: =SUM(W83:Y83) -> 0 | AA83: =[1]SourceValues!C83 -> 3.09 | AB83: =[1]SourceValues!D83 -> 1.001469 | AC83: =[1]SourceValues!E83 -> 32.45761
A84: =[1]SourceValues!A84 -> Sedative Filling | B84: =[1]SourceValues!B84 -> D2940 | Z84: =SUM(W84:Y84) -> 0 | AA84: =[1]SourceValues!C84 -> 1.09 | AB84: =[1]SourceValues!D84 -> 0.353269 | AC84: =[1]SourceValues!E84 -> 11.449448
... A90: =[1]SourceValues!A90 -> Radiograph-bitwing X 1 | B90: =[1]SourceValues!B90 -> D0220 | Z90: =SUM(W90:Y90) -> 0 | AA90: =[1]SourceValues!C90 -> 0.29 | AB90: =[1]SourceValues!D90 -> 0.093989 | AC90: =[1]SourceValues!E90 -> 3.0461835
A91: =[1]SourceValues!A91 -> Radiograph-bitwing X 2 | B91: =[1]SourceValues!B91 -> D0272 | W91: =SUM(W73:W90) -> 0 | X91: =SUM(X73:X90) -> 0 | Y91: =SUM(Y73:Y90) -> 0 | Z91: =SUM(W91:Y91) -> 0 | AA91: =[1]SourceValues!C91 -> 0.45 | AB91: =[1]SourceValues!D91 -> 0.145845 | AC91: =[1]SourceValues!E91 -> 4.7268364
A92: =SourceValues!A5 -> Dental | C92: RANK Name
B93: Code | C93: Service
A94: Patient Seating (Encounter) | B94: W9999 | W94: =SUM(C94:N94) -> 0 | X94: =SUM(O94:T94) -> 0 | Y94: =SUM(U94:V94) -> 0 | Z94: =SUM(W94:Y94) -> 0 | AD94: =Z94*AC94 -> 0
A95: Periodic oral evaluation – established patient | B95: D0120 | W95: =SUM(C95:N95) -> 0 | X95: =SUM(O95:T95) -> 0 | Y95: =SUM(U95:V95) -> 0 | Z95: =SUM(W95:Y95) -> 0 | AA95: =VLOOKUP(B95,SourceValues!$B$6:$E$88,2,FALSE) -> 0.62 | AB95: =VLOOKUP(B95,SourceValues!$B$6:$E$88,3,FALSE) -> 0.717402 | AC95: =VLOOKUP(B95,SourceValues!$B$6:$E$88,4,FALSE) -> 71.74 | AD95: =Z95*AC95 -> 0
A96: Limited oral evaluation – problem focused | B96: D0140 | W96: =SUM(C96:N96) -> 0 | X96: =SUM(O96:T96) -> 0 | Y96: =SUM(U96:V96) -> 0 | Z96: =SUM(W96:Y96) -> 0 | AA96: =VLOOKUP(B96,SourceValues!$B$6:$E$88,2,FALSE) -> 0.93 | AB96: =VLOOKUP(B96,SourceValues!$B$6:$E$88,3,FALSE) -> 1.076103 | AC96: =VLOOKUP(B96,SourceValues!$B$6:$E$88,4,FALSE) -> 107.61 | AD96: =Z96*AC96 -> 0
A97: Oral evaluation for a patient under three years of age and counseling with primary caregiver | B97: D0145 | AA97: =VLOOKUP(B97,SourceValues!$B$6:$E$88,2,FALSE) -> 0.91 | AB97: =VLOOKUP(B97,SourceValues!$B$6:$E$88,3,FALSE) -> 1.052961 | AC97: =VLOOKUP(B97,SourceValues!$B$6:$E$88,4,FALSE) -> 105.3 | AD97: =Z97*AC97 -> 0
A98: Comprehensive oral evaluation – new or established patient | B98: D0150 | W98: =SUM(C98:N98) -> 0 | X98: =SUM(O98:T98) -> 0 | Y98: =SUM(U98:V98) -> 0 | Z98: =SUM(W98:Y98) -> 0 | AA98: =VLOOKUP(B98,SourceValues!$B$6:$E$88,2,FALSE) -> 1.05 | AB98: =VLOOKUP(B98,SourceValues!$B$6:$E$88,3,FALSE) -> 1.214955 | AC98: =VLOOKUP(B98,SourceValues!$B$6:$E$88,4,FALSE) -> 121.5 | AD98: =Z98*AC98 -> 0
A99: Detailed and extensive oral evaluation – problem focused, by report | B99: D0160 | W99: =SUM(C99:N99) -> 0 | X99: =SUM(O99:T99) -> 0 | Y99: =SUM(U99:V99) -> 0 | Z99: =SUM(W99:Y99) -> 0 | AA99: =VLOOKUP(B99,SourceValues!$B$6:$E$88,2,FALSE) -> 1.58 | AB99: =VLOOKUP(B99,SourceValues!$B$6:$E$88,3,FALSE) -> 1.828218 | AC99: =VLOOKUP(B99,SourceValues!$B$6:$E$88,4,FALSE) -> 182.82 | AD99: =Z99*AC99 -> 0
A100: Re‐evaluation – post-operative office visit | B100: D0171 | W100: =SUM(C100:N100) -> 0 | X100: =SUM(O100:T100) -> 0 | Y100: =SUM(U100:V100) -> 0 | Z100: =SUM(W100:Y100) -> 0 | AA100: =VLOOKUP(B100,SourceValues!$B$6:$E$88,2,FALSE) -> 0.75 | AB100: =VLOOKUP(B100,SourceValues!$B$6:$E$88,3,FALSE) -> 0.867825 | AC100: =VLOOKUP(B100,SourceValues!$B$6:$E$88,4,FALSE) -> 86.78 | AD100: =Z100*AC100 -> 0
A101: Screening of a patient | B101: D0190 | W101: =SUM(C101:N101) -> 0 | X101: =SUM(O101:T101) -> 0 | Y101: =SUM(U101:V101) -> 0 | Z101: =SUM(W101:Y101) -> 0 | AA101: =VLOOKUP(B101,SourceValues!$B$6:$E$88,2,FALSE) -> 0.5 | AB101: =VLOOKUP(B101,SourceValues!$B$6:$E$88,3,FALSE) -> 0.57855 | AC101: =VLOOKUP(B101,SourceValues!$B$6:$E$88,4,FALSE) -> 57.86 | AD101: =Z101*AC101 -> 0
A102: Intraoral - comprehensive series of radiographic images | B102: D0210 | W102: =SUM(C102:N102) -> 0 | X102: =SUM(O102:T102) -> 0 | Y102: =SUM(U102:V102) -> 0 | Z102: =SUM(W102:Y102) -> 0 | AA102: =VLOOKUP(B102,SourceValues!$B$6:$E$88,2,FALSE) -> 1.64 | AB102: =VLOOKUP(B102,SourceValues!$B$6:$E$88,3,FALSE) -> 1.897644 | AC102: =VLOOKUP(B102,SourceValues!$B$6:$E$88,4,FALSE) -> 189.77 | AD102: =Z102*AC102 -> 0
A103: Intraoral – periapical first radiographic image | B103: D0220 | W103: =SUM(C103:N103) -> 0 | X103: =SUM(O103:T103) -> 0 | Y103: =SUM(U103:V103) -> 0 | Z103: =SUM(W103:Y103) -> 0 | AA103: =VLOOKUP(B103,SourceValues!$B$6:$E$88,2,FALSE) -> 0.36 | AB103: =VLOOKUP(B103,SourceValues!$B$6:$E$88,3,FALSE) -> 0.416556 | AC103: =VLOOKUP(B103,SourceValues!$B$6:$E$88,4,FALSE) -> 41.66 | AD103: =Z103*AC103 -> 0
A104: Intraoral – periapical each additional radiographic image | B104: D0230 | W104: =SUM(C104:N104) -> 0 | X104: =SUM(O104:T104) -> 0 | Y104: =SUM(U104:V104) -> 0 | Z104: =SUM(W104:Y104) -> 0 | AA104: =VLOOKUP(B104,SourceValues!$B$6:$E$88,2,FALSE) -> 0.3 | AB104: =VLOOKUP(B104,SourceValues!$B$6:$E$88,3,FALSE) -> 0.34713 | AC104: =VLOOKUP(B104,SourceValues!$B$6:$E$88,4,FALSE) -> 34.71 | AD104: =Z104*AC104 -> 0
A105: Intraoral – occlusal radiographic image | B105: D0240 | W105: =SUM(C105:N105) -> 0 | X105: =SUM(O105:T105) -> 0 | Y105: =SUM(U105:V105) -> 0 | Z105: =SUM(W105:Y105) -> 0 | AA105: =VLOOKUP(B105,SourceValues!$B$6:$E$88,2,FALSE) -> 0.44 | AB105: =VLOOKUP(B105,SourceValues!$B$6:$E$88,3,FALSE) -> 0.509124 | AC105: =VLOOKUP(B105,SourceValues!$B$6:$E$88,4,FALSE) -> 50.91 | AD105: =Z105*AC105 -> 0
A106: Bitewing – single radiographic image | B106: D0270 | W106: =SUM(C106:N106) -> 0 | X106: =SUM(O106:T106) -> 0 | Y106: =SUM(U106:V106) -> 0 | Z106: =SUM(W106:Y106) -> 0 | AA106: =VLOOKUP(B106,SourceValues!$B$6:$E$88,2,FALSE) -> 0.37 | AB106: =VLOOKUP(B106,SourceValues!$B$6:$E$88,3,FALSE) -> 0.428127 | AC106: =VLOOKUP(B106,SourceValues!$B$6:$E$88,4,FALSE) -> 42.81 | AD106: =Z106*AC106 -> 0
A107: Bitewings – two radiographic images | B107: D0272 | W107: =SUM(C107:N107) -> 0 | X107: =SUM(O107:T107) -> 0 | Y107: =SUM(U107:V107) -> 0 | Z107: =SUM(W107:Y107) -> 0 | AA107: =VLOOKUP(B107,SourceValues!$B$6:$E$88,2,FALSE) -> 0.55 | AB107: =VLOOKUP(B107,SourceValues!$B$6:$E$88,3,FALSE) -> 0.636405 | AC107: =VLOOKUP(B107,SourceValues!$B$6:$E$88,4,FALSE) -> 63.64 | AD107: =Z107*AC107 -> 0
A108: Bitewings – three radiographic images | B108: D0273 | W108: =SUM(C108:N108) -> 0 | X108: =SUM(O108:T108) -> 0 | Y108: =SUM(U108:V108) -> 0 | Z108: =SUM(W108:Y108) -> 0 | AA108: =VLOOKUP(B108,SourceValues!$B$6:$E$88,2,FALSE) -> 0.63 | AB108: =VLOOKUP(B108,SourceValues!$B$6:$E$88,3,FALSE) -> 0.728973 | AC108: =VLOOKUP(B108,SourceValues!$B$6:$E$88,4,FALSE) -> 72.9 | AD108: =Z108*AC108 -> 0
A109: Bitewings – four radiographic images | B109: D0274 | W109: =SUM(C109:N109) -> 0 | X109: =SUM(O109:T109) -> 0 | Y109: =SUM(U109:V109) -> 0 | Z109: =SUM(W109:Y109) -> 0 | AA109: =VLOOKUP(B109,SourceValues!$B$6:$E$88,2,FALSE) -> 0.76 | AB109: =VLOOKUP(B109,SourceValues!$B$6:$E$88,3,FALSE) -> 0.879396 | AC109: =VLOOKUP(B109,SourceValues!$B$6:$E$88,4,FALSE) -> 87.94 | AD109: =Z109*AC109 -> 0
... A168: Palliative treatment of dental pain - per visit | B168: D9110 | W168: =SUM(C168:N168) -> 0 | X168: =SUM(O168:T168) -> 0 | Y168: =SUM(U168:V168) -> 0 | Z168: =SUM(W168:Y168) -> 0 | AA168: =VLOOKUP(B168,SourceValues!$B$6:$E$88,2,FALSE) -> 1.38 | AB168: =VLOOKUP(B168,SourceValues!$B$6:$E$88,3,FALSE) -> 1.596798 | AC168: =VLOOKUP(B168,SourceValues!$B$6:$E$88,4,FALSE) -> 159.68 | AD168: =Z168*AC168 -> 0
A169: Regional block anesthesia | B169: D9211 | W169: =SUM(C169:N169) -> 0 | X169: =SUM(O169:T169) -> 0 | Y169: =SUM(U169:V169) -> 0 | Z169: =SUM(W169:Y169) -> 0 | AA169: =VLOOKUP(B169,SourceValues!$B$6:$E$88,2,FALSE) -> 0.62 | AB169: =VLOOKUP(B169,SourceValues!$B$6:$E$88,3,FALSE) -> 0.717402 | AC169: =VLOOKUP(B169,SourceValues!$B$6:$E$88,4,FALSE) -> 71.74 | AD169: =Z169*AC169 -> 0 | AE169: Total Cleanings (Daily) | AF169: Grand Total Cleanings
A170: Local anesthesia in conjunction with operative or surgical procedures | B170: D9215 | W170: =SUM(C170:N170) -> 0 | X170: =SUM(O170:T170) -> 0 | Y170: =SUM(U170:V170) -> 0 | Z170: =SUM(W170:Y170) -> 0 | AA170: =VLOOKUP(B170,SourceValues!$B$6:$E$88,2,FALSE) -> 0.39 | AB170: =VLOOKUP(B170,SourceValues!$B$6:$E$88,3,FALSE) -> 0.451269 | AC170: =VLOOKUP(B170,SourceValues!$B$6:$E$88,4,FALSE) -> 45.13 | AD170: =Z170*AC170 -> 0 | AE170: =SUM(Z112,Z113,Z147) -> 0 | AF170: =SUM(AE170,'Day1'!AF170) -> 0
A171: Consultation – diagnostic service provided by dentist or physician other than requesting dentist or physician | B171: D9310 | W171: =SUM(C171:N171) -> 0 | X171: =SUM(O171:T171) -> 0 | Y171: =SUM(U171:V171) -> 0 | Z171: =SUM(W171:Y171) -> 0 | AA171: =VLOOKUP(B171,SourceValues!$B$6:$E$88,2,FALSE) -> 1.47 | AB171: =VLOOKUP(B171,SourceValues!$B$6:$E$88,3,FALSE) -> 1.700937 | AC171: =VLOOKUP(B171,SourceValues!$B$6:$E$88,4,FALSE) -> 170.1 | AD171: =Z171*AC171 -> 0 | AE171: Total Fillings (Daily) | AF171: Grand Total Fillings
A172: Drugs or medicaments dispensed in the office for home use | B172: D9630 | W172: =SUM(C172:N172) -> 0 | X172: =SUM(O172:T172) -> 0 | Y172: =SUM(U172:V172) -> 0 | Z172: =SUM(W172:Y172) -> 0 | AA172: =VLOOKUP(B172,SourceValues!$B$6:$E$88,2,FALSE) -> 0.34 | AB172: =VLOOKUP(B172,SourceValues!$B$6:$E$88,3,FALSE) -> 0.393414 | AC172: =VLOOKUP(B172,SourceValues!$B$6:$E$88,4,FALSE) -> 39.34 | AD172: =Z172*AC172 -> 0 | AE172: =SUM(Z122:Z138) -> 0 | AF172: =SUM(AE172,'Day1'!AF172) -> 0
A173: Application of desensitizing medicament | B173: D9910 | W173: =SUM(C173:N173) -> 0 | X173: =SUM(O173:T173) -> 0 | Y173: =SUM(U173:V173) -> 0 | Z173: =SUM(W173:Y173) -> 0 | AA173: =VLOOKUP(B173,SourceValues!$B$6:$E$88,2,FALSE) -> 0.66 | AB173: =VLOOKUP(B173,SourceValues!$B$6:$E$88,3,FALSE) -> 0.763686 | AC173: =VLOOKUP(B173,SourceValues!$B$6:$E$88,4,FALSE) -> 76.37 | AD173: =Z173*AC173 -> 0 | AE173: Total Extractions (Daily) | AF173: Grand Total Extractions
A174: Treatment of complications (post–surgical) – unusual circumstances, by report | B174: D9930 | W174: =SUM(C174:N174) -> 0 | X174: =SUM(O174:T174) -> 0 | Y174: =SUM(U174:V174) -> 0 | Z174: =SUM(W174:Y174) -> 0 | AA174: =VLOOKUP(B174,SourceValues!$B$6:$E$88,2,FALSE) -> 1.27 | AB174: =VLOOKUP(B174,SourceValues!$B$6:$E$88,3,FALSE) -> 1.469517 | AC174: =VLOOKUP(B174,SourceValues!$B$6:$E$88,4,FALSE) -> 146.95 | AD174: =Z174*AC174 -> 0 | AE174: =SUM(Z154:Z159) -> 0 | AF174: =SUM(AE174,'Day1'!AF174) -> 0
A175: Occlusal adjustment – limited | B175: D9951 | W175: =SUM(C175:N175) -> 0 | X175: =SUM(O175:T175) -> 0 | Y175: =SUM(U175:V175) -> 0 | Z175: =SUM(W175:Y175) -> 0 | AA175: =VLOOKUP(B175,SourceValues!$B$6:$E$88,2,FALSE) -> 1.47 | AB175: =VLOOKUP(B175,SourceValues!$B$6:$E$88,3,FALSE) -> 1.700937 | AC175: =VLOOKUP(B175,SourceValues!$B$6:$E$88,4,FALSE) -> 170.1 | AD175: =Z175*AC175 -> 0 | AE175: Mission Total Procedures
A176: Unspecified adjunctive procedure, by report | B176: D9999 | W176: =SUM(C176:N176) -> 0 | X176: =SUM(O176:T176) -> 0 | Y176: =SUM(U176:V176) -> 0 | Z176: =SUM(W176:Y176) -> 0 | AA176: =VLOOKUP(B176,SourceValues!$B$6:$E$88,2,FALSE) -> 0 | AB176: =VLOOKUP(B176,SourceValues!$B$6:$E$88,3,FALSE) -> 0 | AC176: =VLOOKUP(B176,SourceValues!$B$6:$E$88,4,FALSE) -> 0 | AD176: =Z176*AC176 -> 0 | AE176: =Z177+'Day1'!AE176 -> 0
A177: Total Dental | C177: =SUM(C96:C156) -> 0 | D177: =SUM(D96:D156) -> 0 | E177: 0 | F177: =SUM(F96:F156) -> 0 | N177: =SUM(N96:N156) -> 0 | S177: =SUM(S96:S156) -> 0 | W177: =SUM(W95:W176) -> 0 | X177: =SUM(X95:X176) -> 0 | Y177: =SUM(Y95:Y176) -> 0 | Z177: =SUM(Z95:Z176) -> 0 | AA177: - | AB177: - | AC177: - | AD177: =SUM(AD94:AD176) -> 0 | AE177: Mission Total Patients
A178: Grand Total | AD178: =AD177+'Day1'!AD177 -> 0 | AE178: =Z94+'Day1'!AE178 -> 0

Sheet Day3
A1: Date: | B1: 45806 | H1: 45806
A2: Operational Workload, Utilizing Relative Value Units (RVUs)
A3: Exercise: | B3: IRT FY25 Puerto Rico
A4: Site Location: | W4: Total Procedures: | Y4: =Z178 -> 0 | AC4: CY2024 RVU Conversion Factor Medical: | AD4: =SourceValues!E5 -> 115.71
A5: Procedure | B5: CPT | C5: Provider | D5: Provider | E5: Provider | F5: Provider | G5: Provider | H5: Provider | I5: Provider | J5: Provider | K5: Provider | L5: Provider | M5: Provider | N5: Provider | O5: Provider | P5: Provider | Q5: Provider | R5: Provider | S5: Provider | T5: Provider | U5: Provider | V5: Provider | W5: =ProjectDetails!B35 -> USNR | X5: =ProjectDetails!B36 -> AFRC | Y5: USPHS | Z5: Total Procedures | AA5: Worked RVU | AB5: Non-Facility RVU | AC5: Global Value | AD5: Total Value
A6: Medical
A7: =[1]SourceValues!A7 -> Outpt visit - prob focused - physician - 20 min | B7: =[1]SourceValues!B7 -> 99202 | Z7: =SUM(W7:Y7) -> 0 | AA7: =[1]SourceValues!C7 -> 0.93 | AB7: =[1]SourceValues!D7 -> 2.14 | AC7: =[1]SourceValues!E7 -> 69.3574
A8: =[1]SourceValues!A8 -> Outpt visit - prob focused - physician - 30 min | B8: =[1]SourceValues!B8 -> 99203 | Z8: =SUM(W8:Y8) -> 0 | AA8: =[1]SourceValues!C8 -> 1.42 | AB8: =[1]SourceValues!D8 -> 3.03 | AC8: =[1]SourceValues!E8 -> 98.2023
A9: =[1]SourceValues!A9 -> Outpt visit - prob focused - physician - 45 min | B9: =[1]SourceValues!B9 -> 99204 | Z9: =SUM(W9:Y9) -> 0 | AA9: =[1]SourceValues!C9 -> 2.43 | AB9: =[1]SourceValues!D9 -> 4.63 | AC9: =[1]SourceValues!E9 -> 150.0583
A10: =[1]SourceValues!A10 -> Cerumen evacuation | B10: =[1]SourceValues!B10 -> 69210 | Z10: =SUM(W10:Y10) -> 0 | AA10: =[1]SourceValues!C10 -> 0.61 | AB10: =[1]SourceValues!D10 -> 1.36 | AC10: =[1]SourceValues!E10 -> 44.0776
A11: =[1]SourceValues!A11 -> Counseling, prev med , 15 min | B11: =[1]SourceValues!B11 -> 99401 | Z11: =SUM(W11:Y11) -> 0 | AA11: =[1]SourceValues!C11 -> 0.48 | AB11: =[1]SourceValues!D11 -> 1.12 | AC11: =[1]SourceValues!E11 -> 36.2992
A12: =[1]SourceValues!A12 -> Counseling, prev med, 30 min | B12: =[1]SourceValues!B12 -> 99402 | Z12: =SUM(W12:Y12) -> 0 | AA12: =[1]SourceValues!C12 -> 0.98 | AB12: =[1]SourceValues!D12 -> 1.85 | AC12: =[1]SourceValues!E12 -> 59.9585
A13: =[1]SourceValues!A13 -> Counseling, smoking cessation, < 10 min | B13: =[1]SourceValues!B13 -> 99406 | Z13: =SUM(W13:Y13) -> 0 | AA13: =[1]SourceValues!C13 -> 0.24 | AB13: =[1]SourceValues!D13 -> 0.43 | AC13: =[1]SourceValues!E13 -> 13.9363
A14: =[1]SourceValues!A14 -> Counseling, smoking cessation, > 10 min | B14: =[1]SourceValues!B14 -> 99407 | Z14: =SUM(W14:Y14) -> 0 | AA14: =[1]SourceValues!C14 -> 0.5 | AB14: =[1]SourceValues!D14 -> 0.82 | AC14: =[1]SourceValues!E14 -> 26.5762
A15: =[1]SourceValues!A15 -> Multi-System complaint | B15: =[1]SourceValues!B15 -> 99214 | Z15: =SUM(W15:Y15) -> 0 | AA15: =[1]SourceValues!C15 -> 1.5 | AB15: =[1]SourceValues!D15 -> 3.06 | AC15: =[1]SourceValues!E15 -> 99.1746
A16: =[1]SourceValues!A16 -> Regular office visit | B16: =[1]SourceValues!B16 -> 99213 | Z16: =SUM(W16:Y16) -> 0 | AA16: =[1]SourceValues!C16 -> 0.97 | AB16: =[1]SourceValues!D16 -> 2.09 | AC16: =[1]SourceValues!E16 -> 67.7369
A17: =[1]SourceValues!A17 -> Wellness Visit under 1yr New PT | B17: =[1]SourceValues!B17 -> 99381 | Z17: =SUM(W17:Y17) -> 0 | AA17: =[1]SourceValues!C17 -> 1.5 | AB17: =[1]SourceValues!D17 -> 3.06 | AC17: =[1]SourceValues!E17 -> 99.1746
A18: =[1]SourceValues!A18 -> Wellness Visit 1-4 yrs new PT | B18: =[1]SourceValues!B18 -> 99382 | Z18: =SUM(W18:Y18) -> 0 | AA18: =[1]SourceValues!C18 -> 1.6 | AB18: =[1]SourceValues!D18 -> 3.28 | AC18: =[1]SourceValues!E18 -> 106.3048
... A55: =[1]SourceValues!A55 -> #REF! | B55: =[1]SourceValues!B55 -> #REF! | Z55: =SUM(W55:Y55) -> 0 | AA55: =[1]SourceValues!C55 -> #REF! | AB55: =[1]SourceValues!D55 -> #REF! | AC55: =[1]SourceValues!E55 -> 0
A56: =[1]SourceValues!A56 -> #REF! | B56: =[1]SourceValues!B56 -> #REF! | W56: =SUM(W7:W55) -> 0 | X56: =SUM(X7:X55) -> 0 | Y56: =SUM(Y7:Y55) -> 0 | Z56: =SUM(W56:Y56) -> 0 | AA56: =[1]SourceValues!C56 -> #REF! | AB56: =[1]SourceValues!D56 -> #REF! | AC56: =[1]SourceValues!E56 -> 0
A57: =[1]SourceValues!A57 -> Total Eye
A58: =[1]SourceValues!A58 -> Dental | B58: =[1]SourceValues!B58 -> #REF! | Z58: =SUM(W58:Y58) -> 0 | AA58: =[1]SourceValues!C58 -> #REF! | AB58: =[1]SourceValues!D58 -> #REF! | AC58: =[1]SourceValues!E58 -> #REF!
A59: =[1]SourceValues!A59 -> Limited oral evaluation | B59: =[1]SourceValues!B59 -> D0140 | Z59: =SUM(W59:Y59) -> 0 | AA59: =[1]SourceValues!C59 -> 0.75 | AB59: =[1]SourceValues!D59 -> 0.243075 | AC59: =[1]SourceValues!E59 -> 7.8780607
A60: =[1]SourceValues!A60 -> Comprehensive oral evaluation | B60: =[1]SourceValues!B60 -> D0150 | Z60: =SUM(W60:Y60) -> 0 | AA60: =[1]SourceValues!C60 -> 0.84 | AB60: =[1]SourceValues!D60 -> 0.272244 | AC60: =[1]SourceValues!E60 -> 8.823428
A61: =[1]SourceValues!A61 -> Detailed/extensive oral evaluation(oral cancer screening) | B61: =[1]SourceValues!B61 -> D0160 | Z61: =SUM(W61:Y61) -> 0 | AA61: =[1]SourceValues!C61 -> 1.38 | AB61: =[1]SourceValues!D61 -> 0.447258 | AC61: =[1]SourceValues!E61 -> 14.495632
A62: =[1]SourceValues!A62 -> Extraction, coronal rem - deciduous tooth | B62: =[1]SourceValues!B62 -> D7111 | Z62: =SUM(W62:Y62) -> 0 | AA62: =[1]SourceValues!C62 -> 1.17 | AB62: =[1]SourceValues!D62 -> 0.379197 | AC62: =[1]SourceValues!E62 -> 12.289775
A63: =[1]SourceValues!A63 -> Extraction, single tooth | B63: =[1]SourceValues!B63 -> D7140 | Z63: =SUM(W63:Y63) -> 0 | AA63: =[1]SourceValues!C63 -> 1.63 | AB63: =[1]SourceValues!D63 -> 0.528283 | AC63: =[1]SourceValues!E63 -> 17.121652
A64: =[1]SourceValues!A64 -> Surgical removal of erupted tooth | B64: =[1]SourceValues!B64 -> D7210 | Z64: =SUM(W64:Y64) -> 0 | AA64: =[1]SourceValues!C64 -> 2.76 | AB64: =[1]SourceValues!D64 -> 0.894516 | AC64: =[1]SourceValues!E64 -> 28.991264
A65: =[1]SourceValues!A65 -> Ext impacted tooth soft tissue | B65: =[1]SourceValues!B65 -> D7220 | Z65: =SUM(W65:Y65) -> 0 | AA65: =[1]SourceValues!C65 -> 3.26 | AB65: =[1]SourceValues!D65 -> 1.056566 | AC65: =[1]SourceValues!E65 -> 34.243304
A66: =[1]SourceValues!A66 -> Ext impacted tooth partial bony | B66: =[1]SourceValues!B66 -> D7230 | Z66: =SUM(W66:Y66) -> 0 | AA66: =[1]SourceValues!C66 -> 4.09 | AB66: =[1]SourceValues!D66 -> 1.325569 | AC66: =[1]SourceValues!E66 -> 42.961691
A67: =[1]SourceValues!A67 -> Ext impacted tooth comp bony | B67: =[1]SourceValues!B67 -> D7240 | Z67: =SUM(W67:Y67) -> 0 | AA67: =[1]SourceValues!C67 -> 4.84 | AB67: =[1]SourceValues!D67 -> 1.568644 | AC67: =[1]SourceValues!E67 -> 50.839752
A68: =[1]SourceValues!A68 -> Surgical removal of residual roots | B68: =[1]SourceValues!B68 -> D7250 | Z68: =SUM(W68:Y68) -> 0 | AA68: =[1]SourceValues!C68 -> 2.9 | AB68: =[1]SourceValues!D68 -> 0.93989 | AC68: =[1]SourceValues!E68 -> 30.461835
A69: =[1]SourceValues!A69 -> Alveoloplasty in conjunction with extractions-four or more teeth | B69: =[1]SourceValues!B69 -> D7310 | Z69: =SUM(W69:Y69) -> 0 | AA69: =[1]SourceValues!C69 -> 2.7 | AB69: =[1]SourceValues!D69 -> 0.87507 | AC69: =[1]SourceValues!E69 -> 28.361019
A70: =[1]SourceValues!A70 -> Alveoloplasty in conjunction with extractions-one to three teeth | B70: =[1]SourceValues!B70 -> D7311 | Z70: =SUM(W70:Y70) -> 0 | AA70: =[1]SourceValues!C70 -> 2.32 | AB70: =[1]SourceValues!D70 -> 0.751912 | AC70: =[1]SourceValues!E70 -> 24.369468
A71: =[1]SourceValues!A71 -> Cleaning of teeth | B71: =[1]SourceValues!B71 -> D1110 | W71: =SUM(W58:W70) -> 0 | X71: =SUM(X58:X70) -> 0 | Y71: =SUM(Y58:Y70) -> 0 | Z71: =SUM(W71:Y71) -> 0 | AA71: =[1]SourceValues!C71 -> 0.89 | AB71: =[1]SourceValues!D71 -> 0.288449 | AC71: =[1]SourceValues!E71 -> 9.3486321
A72: =[1]SourceValues!A72 -> Amalgam Filling-1 surface
A73: =[1]SourceValues!A73 -> Amalgam Filling-2 surface | B73: =[1]SourceValues!B73 -> D2150 | Z73: =SUM(W73:Y73) -> 0 | AA73: =[1]SourceValues!C73 -> 1.6 | AB73: =[1]SourceValues!D73 -> 0.51856 | AC73: =[1]SourceValues!E73 -> 16.80653
A74: =[1]SourceValues!A74 -> Amalgam Filling-3 surface | B74: =[1]SourceValues!B74 -> D2160 | Z74: =SUM(W74:Y74) -> 0 | AA74: =[1]SourceValues!C74 -> 1.95 | AB74: =[1]SourceValues!D74 -> 0.631995 | AC74: =[1]SourceValues!E74 -> 20.482958
A75: =[1]SourceValues!A75 -> Amalgam Filling-4 surface | B75: =[1]SourceValues!B75 -> D2161 | Z75: =SUM(W75:Y75) -> 0 | AA75: =[1]SourceValues!C75 -> 2.29 | AB75: =[1]SourceValues!D75 -> 0.742189 | AC75: =[1]SourceValues!E75 -> 24.054345
A76: =[1]SourceValues!A76 -> Composite Filling Anterior-1 surface | B76: =[1]SourceValues!B76 -> D2330 | Z76: =SUM(W76:Y76) -> 0 | AA76: =[1]SourceValues!C76 -> 1.55 | AB76: =[1]SourceValues!D76 -> 0.502355 | AC76: =[1]SourceValues!E76 -> 16.281326
A77: =[1]SourceValues!A77 -> Composite Filling Anterior-2 surface | B77: =[1]SourceValues!B77 -> D2331 | Z77: =SUM(W77:Y77) -> 0 | AA77: =[1]SourceValues!C77 -> 1.94 | AB77: =[1]SourceValues!D77 -> 0.628754 | AC77: =[1]SourceValues!E77 -> 20.377917
A78: =[1]SourceValues!A78 -> Composite Filling Anterior-3 surface | B78: =[1]SourceValues!B78 -> D2332 | Z78: =SUM(W78:Y78) -> 0 | AA78: =[1]SourceValues!C78 -> 2.31 | AB78: =[1]SourceValues!D78 -> 0.748671 | AC78: =[1]SourceValues!E78 -> 24.264427
A79: =[1]SourceValues!A79 -> Composite Filling Anterior-4 surface | B79: =[1]SourceValues!B79 -> D2335 | Z79: =SUM(W79:Y79) -> 0 | AA79: =[1]SourceValues!C79 -> 2.81 | AB79: =[1]SourceValues!D79 -> 0.910721 | AC79: =[1]SourceValues!E79 -> 29.516468
A80: =[1]SourceValues!A80 -> Composite Filling Posterior-1 surface | B80: =[1]SourceValues!B80 -> D2391 | Z80: =SUM(W80:Y80) -> 0 | AA80: =[1]SourceValues!C80 -> 1.71 | AB80: =[1]SourceValues!D80 -> 0.554211 | AC80: =[1]SourceValues!E80 -> 17.961979
A81: =[1]SourceValues!A81 -> Composite Filling Posterior-2 surface | B81: =[1]SourceValues!B81 -> D2392 | Z81: =SUM(W81:Y81) -> 0 | AA81: =[1]SourceValues!C81 -> 2.19 | AB81: =[1]SourceValues!D81 -> 0.709779 | AC81: =[1]SourceValues!E81 -> 23.003937
A82: =[1]SourceValues!A82 -> Composite Filling Posterior-3 surface | B82: =[1]SourceValues!B82 -> D2393 | Z82: =SUM(W82:Y82) -> 0 | AA82: =[1]SourceValues!C82 -> 2.64 | AB82: =[1]SourceValues!D82 -> 0.855624 | AC82: =[1]SourceValues!E82 -> 27.730774
A83: =[1]SourceValues!A83 -> Composite Filling Posterior-4 surface | B83: =[1]SourceValues!B83 -> D2394 | Z83: =SUM(W83:Y83) -> 0 | AA83: =[1]SourceValues!C83 -> 3.09 | AB83: =[1]SourceValues!D83 -> 1.001469 | AC83: =[1]SourceValues!E83 -> 32.45761
A84: =[1]SourceValues!A84 -> Sedative Filling | B84: =[1]SourceValues!B84 -> D2940 | Z84: =SUM(W84:Y84) -> 0 | AA84: =[1]SourceValues!C84 -> 1.09 | AB84: =[1]SourceValues!D84 -> 0.353269 | AC84: =[1]SourceValues!E84 -> 11.449448
... A90: =[1]SourceValues!A90 -> Radiograph-bitwing X 1 | B90: =[1]SourceValues!B90 -> D0220 | Z90: =SUM(W90:Y90) -> 0 | AA90: =[1]SourceValues!C90 -> 0.29 | AB90: =[1]SourceValues!D90 -> 0.093989 | AC90: =[1]SourceValues!E90 -> 3.0461835
A91: =[1]SourceValues!A91 -> Radiograph-bitwing X 2 | B91: =[1]SourceValues!B91 -> D0272 | W91: =SUM(W73:W90) -> 0 | X91: =SUM(X73:X90) -> 0 | Y91: =SUM(Y73:Y90) -> 0 | Z91: =SUM(W91:Y91) -> 0 | AA91: =[1]SourceValues!C91 -> 0.45 | AB91: =[1]SourceValues!D91 -> 0.145845 | AC91: =[1]SourceValues!E91 -> 4.7268364
A92: =SourceValues!A5 -> Dental | C92: RANK Name
B93: Code | C93: Service
A94: Patient Seating (Encounter) | B94: W9999 | W94: =SUM(C94:N94) -> 0 | X94: =SUM(O94:T94) -> 0 | Y94: =SUM(U94:V94) -> 0 | Z94: =SUM(W94:Y94) -> 0 | AD94: =Z94*AC94 -> 0
A95: Periodic oral evaluation – established patient | B95: D0120 | W95: =SUM(C95:N95) -> 0 | X95: =SUM(O95:T95) -> 0 | Y95: =SUM(U95:V95) -> 0 | Z95: =SUM(W95:Y95) -> 0 | AA95: =VLOOKUP(B95,SourceValues!$B$6:$E$88,2,FALSE) -> 0.62 | AB95: =VLOOKUP(B95,SourceValues!$B$6:$E$88,3,FALSE) -> 0.717402 | AC95: =VLOOKUP(B95,SourceValues!$B$6:$E$88,4,FALSE) -> 71.74 | AD95: =Z95*AC95 -> 0
A96: Limited oral evaluation – problem focused | B96: D0140 | W96: =SUM(C96:N96) -> 0 | X96: =SUM(O96:T96) -> 0 | Y96: =SUM(U96:V96) -> 0 | Z96: =SUM(W96:Y96) -> 0 | AA96: =VLOOKUP(B96,SourceValues!$B$6:$E$88,2,FALSE) -> 0.93 | AB96: =VLOOKUP(B96,SourceValues!$B$6:$E$88,3,FALSE) -> 1.076103 | AC96: =VLOOKUP(B96,SourceValues!$B$6:$E$88,4,FALSE) -> 107.61 | AD96: =Z96*AC96 -> 0
A97: Oral evaluation for a patient under three years of age and counseling with primary caregiver | B97: D0145 | AA97: =VLOOKUP(B97,SourceValues!$B$6:$E$88,2,FALSE) -> 0.91 | AB97: =VLOOKUP(B97,SourceValues!$B$6:$E$88,3,FALSE) -> 1.052961 | AC97: =VLOOKUP(B97,SourceValues!$B$6:$E$88,4,FALSE) -> 105.3 | AD97: =Z97*AC97 -> 0
A98: Comprehensive oral evaluation – new or established patient | B98: D0150 | W98: =SUM(C98:N98) -> 0 | X98: =SUM(O98:T98) -> 0 | Y98: =SUM(U98:V98) -> 0 | Z98: =SUM(W98:Y98) -> 0 | AA98: =VLOOKUP(B98,SourceValues!$B$6:$E$88,2,FALSE) -> 1.05 | AB98: =VLOOKUP(B98,SourceValues!$B$6:$E$88,3,FALSE) -> 1.214955 | AC98: =VLOOKUP(B98,SourceValues!$B$6:$E$88,4,FALSE) -> 121.5 | AD98: =Z98*AC98 -> 0
A99: Detailed and extensive oral evaluation – problem focused, by report | B99: D0160 | W99: =SUM(C99:N99) -> 0 | X99: =SUM(O99:T99) -> 0 | Y99: =SUM(U99:V99) -> 0 | Z99: =SUM(W99:Y99) -> 0 | AA99: =VLOOKUP(B99,SourceValues!$B$6:$E$88,2,FALSE) -> 1.58 | AB99: =VLOOKUP(B99,SourceValues!$B$6:$E$88,3,FALSE) -> 1.828218 | AC99: =VLOOKUP(B99,SourceValues!$B$6:$E$88,4,FALSE) -> 182.82 | AD99: =Z99*AC99 -> 0
A100: Re‐evaluation – post-operative office visit | B100: D0171 | W100: =SUM(C100:N100) -> 0 | X100: =SUM(O100:T100) -> 0 | Y100: =SUM(U100:V100) -> 0 | Z100: =SUM(W100:Y100) -> 0 | AA100: =VLOOKUP(B100,SourceValues!$B$6:$E$88,2,FALSE) -> 0.75 | AB100: =VLOOKUP(B100,SourceValues!$B$6:$E$88,3,FALSE) -> 0.867825 | AC100: =VLOOKUP(B100,SourceValues!$B$6:$E$88,4,FALSE) -> 86.78 | AD100: =Z100*AC100 -> 0
A101: Screening of a patient | B101: D0190 | W101: =SUM(C101:N101) -> 0 | X101: =SUM(O101:T101) -> 0 | Y101: =SUM(U101:V101) -> 0 | Z101: =SUM(W101:Y101) -> 0 | AA101: =VLOOKUP(B101,SourceValues!$B$6:$E$88,2,FALSE) -> 0.5 | AB101: =VLOOKUP(B101,SourceValues!$B$6:$E$88,3,FALSE) -> 0.57855 | AC101: =VLOOKUP(B101,SourceValues!$B$6:$E$88,4,FALSE) -> 57.86 | AD101: =Z101*AC101 -> 0
A102: Intraoral - comprehensive series of radiographic images | B102: D0210 | W102: =SUM(C102:N102) -> 0 | X102: =SUM(O102:T102) -> 0 | Y102: =SUM(U102:V102) -> 0 | Z102: =SUM(W102:Y102) -> 0 | AA102: =VLOOKUP(B102,SourceValues!$B$6:$E$88,2,FALSE) -> 1.64 | AB102: =VLOOKUP(B102,SourceValues!$B$6:$E$88,3,FALSE) -> 1.897644 | AC102: =VLOOKUP(B102,SourceValues!$B$6:$E$88,4,FALSE) -> 189.77 | AD102: =Z102*AC102 -> 0
A103: Intraoral – periapical first radiographic image | B103: D0220 | W103: =SUM(C103:N103) -> 0 | X103: =SUM(O103:T103) -> 0 | Y103: =SUM(U103:V103) -> 0 | Z103: =SUM(W103:Y103) -> 0 | AA103: =VLOOKUP(B103,SourceValues!$B$6:$E$88,2,FALSE) -> 0.36 | AB103: =VLOOKUP(B103,SourceValues!$B$6:$E$88,3,FALSE) -> 0.416556 | AC103: =VLOOKUP(B103,SourceValues!$B$6:$E$88,4,FALSE) -> 41.66 | AD103: =Z103*AC103 -> 0
A104: Intraoral – periapical each additional radiographic image | B104: D0230 | W104: =SUM(C104:N104) -> 0 | X104: =SUM(O104:T104) -> 0 | Y104: =SUM(U104:V104) -> 0 | Z104: =SUM(W104:Y104) -> 0 | AA104: =VLOOKUP(B104,SourceValues!$B$6:$E$88,2,FALSE) -> 0.3 | AB104: =VLOOKUP(B104,SourceValues!$B$6:$E$88,3,FALSE) -> 0.34713 | AC104: =VLOOKUP(B104,SourceValues!$B$6:$E$88,4,FALSE) -> 34.71 | AD104: =Z104*AC104 -> 0
A105: Intraoral – occlusal radiographic image | B105: D0240 | W105: =SUM(C105:N105) -> 0 | X105: =SUM(O105:T105) -> 0 | Y105: =SUM(U105:V105) -> 0 | Z105: =SUM(W105:Y105) -> 0 | AA105: =VLOOKUP(B105,SourceValues!$B$6:$E$88,2,FALSE) -> 0.44 | AB105: =VLOOKUP(B105,SourceValues!$B$6:$E$88,3,FALSE) -> 0.509124 | AC105: =VLOOKUP(B105,SourceValues!$B$6:$E$88,4,FALSE) -> 50.91 | AD105: =Z105*AC105 -> 0
A106: Bitewing – single radiographic image | B106: D0270 | W106: =SUM(C106:N106) -> 0 | X106: =SUM(O106:T106) -> 0 | Y106: =SUM(U106:V106) -> 0 | Z106: =SUM(W106:Y106) -> 0 | AA106: =VLOOKUP(B106,SourceValues!$B$6:$E$88,2,FALSE) -> 0.37 | AB106: =VLOOKUP(B106,SourceValues!$B$6:$E$88,3,FALSE) -> 0.428127 | AC106: =VLOOKUP(B106,SourceValues!$B$6:$E$88,4,FALSE) -> 42.81 | AD106: =Z106*AC106 -> 0
A107: Bitewings – two radiographic images | B107: D0272 | W107: =SUM(C107:N107) -> 0 | X107: =SUM(O107:T107) -> 0 | Y107: =SUM(U107:V107) -> 0 | Z107: =SUM(W107:Y107) -> 0 | AA107: =VLOOKUP(B107,SourceValues!$B$6:$E$88,2,FALSE) -> 0.55 | AB107: =VLOOKUP(B107,SourceValues!$B$6:$E$88,3,FALSE) -> 0.636405 | AC107: =VLOOKUP(B107,SourceValues!$B$6:$E$88,4,FALSE) -> 63.64 | AD107: =Z107*AC107 -> 0
A108: Bitewings – three radiographic images | B108: D0273 | W108: =SUM(C108:N108) -> 0 | X108: =SUM(O108:T108) -> 0 | Y108: =SUM(U108:V108) -> 0 | Z108: =SUM(W108:Y108) -> 0 | AA108: =VLOOKUP(B108,SourceValues!$B$6:$E$88,2,FALSE) -> 0.63 | AB108: =VLOOKUP(B108,SourceValues!$B$6:$E$88,3,FALSE) -> 0.728973 | AC108: =VLOOKUP(B108,SourceValues!$B$6:$E$88,4,FALSE) -> 72.9 | AD108: =Z108*AC108 -> 0
A109: Bitewings – four radiographic images | B109: D0274 | W109: =SUM(C109:N109) -> 0 | X109: =SUM(O109:T109) -> 0 | Y109: =SUM(U109:V109) -> 0 | Z109: =SUM(W109:Y109) -> 0 | AA109: =VLOOKUP(B109,SourceValues!$B$6:$E$88,2,FALSE) -> 0.76 | AB109: =VLOOKUP(B109,SourceValues!$B$6:$E$88,3,FALSE) -> 0.879396 | AC109: =VLOOKUP(B109,SourceValues!$B$6:$E$88,4,FALSE) -> 87.94 | AD109: =Z109*AC109 -> 0
... A156: Removal of impacted tooth – soft tissue | B156: D7220 | W156: =SUM(C156:N156) -> 0 | X156: =SUM(O156:T156) -> 0 | Y156: =SUM(U156:V156) -> 0 | Z156: =SUM(W156:Y156) -> 0 | AA156: =VLOOKUP(B156,SourceValues!$B$6:$E$88,2,FALSE) -> 4.08 | AB156: =VLOOKUP(B156,SourceValues!$B$6:$E$88,3,FALSE) -> 4.720968 | AC156: =VLOOKUP(B156,SourceValues!$B$6:$E$88,4,FALSE) -> 472.1 | AD156: =Z156*AC156 -> 0
A157: Removal of impacted tooth – partially bony | B157: D7230 | W157: =SUM(C157:N157) -> 0 | X157: =SUM(O157:T157) -> 0 | Y157: =SUM(U157:V157) -> 0 | AA157: =VLOOKUP(B157,SourceValues!$B$6:$E$88,2,FALSE) -> 5 | AB157: =VLOOKUP(B157,SourceValues!$B$6:$E$88,3,FALSE) -> 5.7855 | AC157: =VLOOKUP(B157,SourceValues!$B$6:$E$88,4,FALSE) -> 578.55 | AD157: =Z157*AC157 -> 0
A158: Removal of impacted tooth – completely bony | B158: D7240 | W158: =SUM(C158:N158) -> 0 | X158: =SUM(O158:T158) -> 0 | Y158: =SUM(U158:V158) -> 0 | AA158: =VLOOKUP(B158,SourceValues!$B$6:$E$88,2,FALSE) -> 5.78 | AB158: =VLOOKUP(B158,SourceValues!$B$6:$E$88,3,FALSE) -> 6.688038 | AC158: =VLOOKUP(B158,SourceValues!$B$6:$E$88,4,FALSE) -> 668.81 | AD158: =Z158*AC158 -> 0
A159: Removal of residual tooth roots (cutting procedure) | B159: D7250 | W159: =SUM(C159:N159) -> 0 | X159: =SUM(O159:T159) -> 0 | Y159: =SUM(U159:V159) -> 0 | AA159: =VLOOKUP(B159,SourceValues!$B$6:$E$88,2,FALSE) -> 3.62 | AB159: =VLOOKUP(B159,SourceValues!$B$6:$E$88,3,FALSE) -> 4.188702 | AC159: =VLOOKUP(B159,SourceValues!$B$6:$E$88,4,FALSE) -> 418.87 | AD159: =Z159*AC159 -> 0
A160: Alveoloplasty in conjunction with extractions – four or more teeth or tooth spaces, per quadrant | B160: D7310 | W160: =SUM(C160:N160) -> 0 | X160: =SUM(O160:T160) -> 0 | Y160: =SUM(U160:V160) -> 0 | AA160: =VLOOKUP(B160,SourceValues!$B$6:$E$88,2,FALSE) -> 3.57 | AB160: =VLOOKUP(B160,SourceValues!$B$6:$E$88,3,FALSE) -> 4.130847 | AC160: =VLOOKUP(B160,SourceValues!$B$6:$E$88,4,FALSE) -> 413.09 | AD160: =Z160*AC160 -> 0
A161: Alveoloplasty in conjunction with extractions – one to three teeth or tooth spaces, per quadrant | B161: D7311 | W161: =SUM(C161:N161) -> 0 | X161: =SUM(O161:T161) -> 0 | Y161: =SUM(U161:V161) -> 0 | AA161: =VLOOKUP(B161,SourceValues!$B$6:$E$88,2,FALSE) -> 3 | AB161: =VLOOKUP(B161,SourceValues!$B$6:$E$88,3,FALSE) -> 3.4713 | AC161: =VLOOKUP(B161,SourceValues!$B$6:$E$88,4,FALSE) -> 347.13 | AD161: =Z161*AC161 -> 0
A162: Incision and drainage of abscess – intraoral soft tissue | B162: D7510 | W162: =SUM(C162:N162) -> 0 | X162: =SUM(O162:T162) -> 0 | Y162: =SUM(U162:V162) -> 0 | AA162: =VLOOKUP(B162,SourceValues!$B$6:$E$88,2,FALSE) -> 2.56 | AB162: =VLOOKUP(B162,SourceValues!$B$6:$E$88,3,FALSE) -> 2.962176 | AC162: =VLOOKUP(B162,SourceValues!$B$6:$E$88,4,FALSE) -> 296.22 | AD162: =Z162*AC162 -> 0
A163: Incision and drainage of abscess – intraoral soft tissue – complicated (includes drainage of multiple fascial spaces) | B163: D7511 | W163: =SUM(C163:N163) -> 0 | X163: =SUM(O163:T163) -> 0 | Y163: =SUM(U163:V163) -> 0 | AA163: =VLOOKUP(B163,SourceValues!$B$6:$E$88,2,FALSE) -> 4.92 | AB163: =VLOOKUP(B163,SourceValues!$B$6:$E$88,3,FALSE) -> 5.692932 | AC163: =VLOOKUP(B163,SourceValues!$B$6:$E$88,4,FALSE) -> 569.3 | AD163: =Z163*AC163 -> 0
A164: Incision and drainage of abscess – extraoral soft tissue | B164: D7520 | W164: =SUM(C164:N164) -> 0 | X164: =SUM(O164:T164) -> 0 | Y164: =SUM(U164:V164) -> 0 | AA164: =VLOOKUP(B164,SourceValues!$B$6:$E$88,2,FALSE) -> 16.6 | AB164: =VLOOKUP(B164,SourceValues!$B$6:$E$88,3,FALSE) -> 19.20786 | AC164: =VLOOKUP(B164,SourceValues!$B$6:$E$88,4,FALSE) -> 1920.8 | AD164: =Z164*AC164 -> 0
A165: Suture of recent small wounds up to 5 cm | B165: D7910 | W165: =SUM(C165:N165) -> 0 | X165: =SUM(O165:T165) -> 0 | Y165: =SUM(U165:V165) -> 0 | AA165: =VLOOKUP(B165,SourceValues!$B$6:$E$88,2,FALSE) -> 4.16 | AB165: =VLOOKUP(B165,SourceValues!$B$6:$E$88,3,FALSE) -> 4.813536 | AC165: =VLOOKUP(B165,SourceValues!$B$6:$E$88,4,FALSE) -> 481.36 | AD165: =Z165*AC165 -> 0
A166: Complicated suture – up to 5 cm | B166: D7911 | W166: =SUM(C166:N166) -> 0 | X166: =SUM(O166:T166) -> 0 | Y166: =SUM(U166:V166) -> 0 | AA166: =VLOOKUP(B166,SourceValues!$B$6:$E$88,2,FALSE) -> 14.13 | AB166: =VLOOKUP(B166,SourceValues!$B$6:$E$88,3,FALSE) -> 16.349823 | AC166: =VLOOKUP(B166,SourceValues!$B$6:$E$88,4,FALSE) -> 1635 | AD166: =Z166*AC166 -> 0
A167: Removal of fixed orthodontic appliances for reasons other than completion of treatment | B167: D8695 | W167: =SUM(C167:N167) -> 0 | X167: =SUM(O167:T167) -> 0 | Y167: =SUM(U167:V167) -> 0 | AA167: =VLOOKUP(B167,SourceValues!$B$6:$E$88,2,FALSE) -> 2.47 | AB167: =VLOOKUP(B167,SourceValues!$B$6:$E$88,3,FALSE) -> 2.858037 | AC167: =VLOOKUP(B167,SourceValues!$B$6:$E$88,4,FALSE) -> 285.81 | AD167: =Z167*AC167 -> 0
A168: Palliative treatment of dental pain - per visit | B168: D9110 | W168: =SUM(C168:N168) -> 0 | X168: =SUM(O168:T168) -> 0 | Y168: =SUM(U168:V168) -> 0 | AA168: =VLOOKUP(B168,SourceValues!$B$6:$E$88,2,FALSE) -> 1.38 | AB168: =VLOOKUP(B168,SourceValues!$B$6:$E$88,3,FALSE) -> 1.596798 | AC168: =VLOOKUP(B168,SourceValues!$B$6:$E$88,4,FALSE) -> 159.68 | AD168: =Z168*AC168 -> 0
A169: Regional block anesthesia | B169: D9211 | W169: =SUM(C169:N169) -> 0 | X169: =SUM(O169:T169) -> 0 | Y169: =SUM(U169:V169) -> 0 | AA169: =VLOOKUP(B169,SourceValues!$B$6:$E$88,2,FALSE) -> 0.62 | AB169: =VLOOKUP(B169,SourceValues!$B$6:$E$88,3,FALSE) -> 0.717402 | AC169: =VLOOKUP(B169,SourceValues!$B$6:$E$88,4,FALSE) -> 71.74 | AD169: =Z169*AC169 -> 0 | AE169: Total Cleanings (Daily) | AF169: Grand Total Cleanings
A170: Local anesthesia in conjunction with operative or surgical procedures | B170: D9215 | W170: =SUM(C170:N170) -> 0 | X170: =SUM(O170:T170) -> 0 | Y170: =SUM(U170:V170) -> 0 | AA170: =VLOOKUP(B170,SourceValues!$B$6:$E$88,2,FALSE) -> 0.39 | AB170: =VLOOKUP(B170,SourceValues!$B$6:$E$88,3,FALSE) -> 0.451269 | AC170: =VLOOKUP(B170,SourceValues!$B$6:$E$88,4,FALSE) -> 45.13 | AD170: =Z170*AC170 -> 0 | AE170: =SUM(Z112,Z113,Z147) -> 0 | AF170: =SUM(AE170,'Day2'!AF170) -> 0
A171: Consultation – diagnostic service provided by dentist or physician other than requesting dentist or physician | B171: D9310 | W171: =SUM(C171:N171) -> 0 | X171: =SUM(O171:T171) -> 0 | Y171: =SUM(U171:V171) -> 0 | AA171: =VLOOKUP(B171,SourceValues!$B$6:$E$88,2,FALSE) -> 1.47 | AB171: =VLOOKUP(B171,SourceValues!$B$6:$E$88,3,FALSE) -> 1.700937 | AC171: =VLOOKUP(B171,SourceValues!$B$6:$E$88,4,FALSE) -> 170.1 | AD171: =Z171*AC171 -> 0 | AE171: Total Fillings (Daily) | AF171: Grand Total Fillings
A172: Drugs or medicaments dispensed in the office for home use | B172: D9630 | W172: =SUM(C172:N172) -> 0 | X172: =SUM(O172:T172) -> 0 | Y172: =SUM(U172:V172) -> 0 | AA172: =VLOOKUP(B172,SourceValues!$B$6:$E$88,2,FALSE) -> 0.34 | AB172: =VLOOKUP(B172,SourceValues!$B$6:$E$88,3,FALSE) -> 0.393414 | AC172: =VLOOKUP(B172,SourceValues!$B$6:$E$88,4,FALSE) -> 39.34 | AD172: =Z172*AC172 -> 0 | AE172: =SUM(Z122:Z138) -> 0 | AF172: =SUM(AE172,'Day2'!AF172) -> 0
A173: Application of desensitizing medicament | B173: D9910 | W173: =SUM(C173:N173) -> 0 | X173: =SUM(O173:T173) -> 0 | Y173: =SUM(U173:V173) -> 0 | AA173: =VLOOKUP(B173,SourceValues!$B$6:$E$88,2,FALSE) -> 0.66 | AB173: =VLOOKUP(B173,SourceValues!$B$6:$E$88,3,FALSE) -> 0.763686 | AC173: =VLOOKUP(B173,SourceValues!$B$6:$E$88,4,FALSE) -> 76.37 | AD173: =Z173*AC173 -> 0 | AE173: Total Extractions (Daily) | AF173: Grand Total Extractions
A174: Treatment of complications (post–surgical) – unusual circumstances, by report | B174: D9930 | W174: =SUM(C174:N174) -> 0 | X174: =SUM(O174:T174) -> 0 | Y174: =SUM(U174:V174) -> 0 | AA174: =VLOOKUP(B174,SourceValues!$B$6:$E$88,2,FALSE) -> 1.27 | AB174: =VLOOKUP(B174,SourceValues!$B$6:$E$88,3,FALSE) -> 1.469517 | AC174: =VLOOKUP(B174,SourceValues!$B$6:$E$88,4,FALSE) -> 146.95 | AD174: =Z174*AC174 -> 0 | AE174: =SUM(Z154:Z159) -> 0 | AF174: =SUM(AE174,'Day2'!AF174) -> 0
A175: Occlusal adjustment – limited | B175: D9951 | W175: =SUM(C175:N175) -> 0 | X175: =SUM(O175:T175) -> 0 | Y175: =SUM(U175:V175) -> 0 | AA175: =VLOOKUP(B175,SourceValues!$B$6:$E$88,2,FALSE) -> 1.47 | AB175: =VLOOKUP(B175,SourceValues!$B$6:$E$88,3,FALSE) -> 1.700937 | AC175: =VLOOKUP(B175,SourceValues!$B$6:$E$88,4,FALSE) -> 170.1 | AD175: =Z175*AC175 -> 0 | AE175: Mission Total Procedures
A176: Unspecified adjunctive procedure, by report | B176: D9999 | W176: =SUM(C176:N176) -> 0 | X176: =SUM(O176:T176) -> 0 | Y176: =SUM(U176:V176) -> 0 | AA176: =VLOOKUP(B176,SourceValues!$B$6:$E$88,2,FALSE) -> 0 | AB176: =VLOOKUP(B176,SourceValues!$B$6:$E$88,3,FALSE) -> 0 | AC176: =VLOOKUP(B176,SourceValues!$B$6:$E$88,4,FALSE) -> 0 | AD176: =Z176*AC176 -> 0 | AE176: =Z177+'Day2'!AE176 -> 0
A177: Total Dental | C177: =SUM(C96:C156) -> 0 | D177: =SUM(D96:D156) -> 0 | E177: 0 | F177: =SUM(F96:F156) -> 0 | N177: =SUM(N96:N156) -> 0 | S177: =SUM(S96:S156) -> 0 | W177: =SUM(W95:W156) -> 0 | X177: =SUM(X95:X176) -> 0 | Y177: =SUM(Y95:Y176) -> 0 | Z177: =SUM(Z95:Z176) -> 0 | AA177: - | AB177: - | AC177: - | AD177: =SUM(AD94:AD176) -> 0 | AE177: Mission Total Patients
A178: Grand Total | AD178: =AD177+'Day2'!AD178 -> 0 | AE178: =Z94+'Day2'!AE178 -> 0

Sheet Day4
A1: Date: | B1: 45806 | H1: 45806
A2: Operational Workload, Utilizing Relative Value Units (RVUs)
A3: Exercise: | B3: IRT FY25 Puerto Rico
A4: Site Location: | W4: Total Procedures: | Y4: =Z178 -> 0 | AC4: CY2024 RVU Conversion Factor Medical: | AD4: =SourceValues!E5 -> 115.71
A5: Procedure | B5: CPT | C5: Provider | D5: Provider | E5: Provider | F5: Provider | G5: Provider | H5: Provider | I5: Provider | J5: Provider | K5: Provider | L5: Provider | M5: Provider | N5: Provider | O5: Provider | P5: Provider | Q5: Provider | R5: Provider | S5: Provider | T5: Provider | U5: Provider | V5: Provider | W5: =ProjectDetails!B35 -> USNR | X5: =ProjectDetails!B36 -> AFRC | Y5: USPHS | Z5: Total Procedures | AA5: Worked RVU | AB5: Non-Facility RVU | AC5: Global Value | AD5: Total Value
A6: Medical
A7: =[1]SourceValues!A7 -> Outpt visit - prob focused - physician - 20 min | B7: =[1]SourceValues!B7 -> 99202 | Z7: =SUM(W7:Y7) -> 0 | AA7: =[1]SourceValues!C7 -> 0.93 | AB7: =[1]SourceValues!D7 -> 2.14 | AC7: =[1]SourceValues!E7 -> 69.3574
A8: =[1]SourceValues!A8 -> Outpt visit - prob focused - physician - 30 min | B8: =[1]SourceValues!B8 -> 99203 | Z8: =SUM(W8:Y8) -> 0 | AA8: =[1]SourceValues!C8 -> 1.42 | AB8: =[1]SourceValues!D8 -> 3.03 | AC8: =[1]SourceValues!E8 -> 98.2023
A9: =[1]SourceValues!A9 -> Outpt visit - prob focused - physician - 45 min | B9: =[1]SourceValues!B9 -> 99204 | Z9: =SUM(W9:Y9) -> 0 | AA9: =[1]SourceValues!C9 -> 2.43 | AB9: =[1]SourceValues!D9 -> 4.63 | AC9: =[1]SourceValues!E9 -> 150.0583
A10: =[1]SourceValues!A10 -> Cerumen evacuation | B10: =[1]SourceValues!B10 -> 69210 | Z10: =SUM(W10:Y10) -> 0 | AA10: =[1]SourceValues!C10 -> 0.61 | AB10: =[1]SourceValues!D10 -> 1.36 | AC10: =[1]SourceValues!E10 -> 44.0776
A11: =[1]SourceValues!A11 -> Counseling, prev med , 15 min | B11: =[1]SourceValues!B11 -> 99401 | Z11: =SUM(W11:Y11) -> 0 | AA11: =[1]SourceValues!C11 -> 0.48 | AB11: =[1]SourceValues!D11 -> 1.12 | AC11: =[1]SourceValues!E11 -> 36.2992
A12: =[1]SourceValues!A12 -> Counseling, prev med, 30 min | B12: =[1]SourceValues!B12 -> 99402 | Z12: =SUM(W12:Y12) -> 0 | AA12: =[1]SourceValues!C12 -> 0.98 | AB12: =[1]SourceValues!D12 -> 1.85 | AC12: =[1]SourceValues!E12 -> 59.9585
A13: =[1]SourceValues!A13 -> Counseling, smoking cessation, < 10 min | B13: =[1]SourceValues!B13 -> 99406 | Z13: =SUM(W13:Y13) -> 0 | AA13: =[1]SourceValues!C13 -> 0.24 | AB13: =[1]SourceValues!D13 -> 0.43 | AC13: =[1]SourceValues!E13 -> 13.9363
A14: =[1]SourceValues!A14 -> Counseling, smoking cessation, > 10 min | B14: =[1]SourceValues!B14 -> 99407 | Z14: =SUM(W14:Y14) -> 0 | AA14: =[1]SourceValues!C14 -> 0.5 | AB14: =[1]SourceValues!D14 -> 0.82 | AC14: =[1]SourceValues!E14 -> 26.5762
A15: =[1]SourceValues!A15 -> Multi-System complaint | B15: =[1]SourceValues!B15 -> 99214 | Z15: =SUM(W15:Y15) -> 0 | AA15: =[1]SourceValues!C15 -> 1.5 | AB15: =[1]SourceValues!D15 -> 3.06 | AC15: =[1]SourceValues!E15 -> 99.1746
A16: =[1]SourceValues!A16 -> Regular office visit | B16: =[1]SourceValues!B16 -> 99213 | Z16: =SUM(W16:Y16) -> 0 | AA16: =[1]SourceValues!C16 -> 0.97 | AB16: =[1]SourceValues!D16 -> 2.09 | AC16: =[1]SourceValues!E16 -> 67.7369
A17: =[1]SourceValues!A17 -> Wellness Visit under 1yr New PT | B17: =[1]SourceValues!B17 -> 99381 | Z17: =SUM(W17:Y17) -> 0 | AA17: =[1]SourceValues!C17 -> 1.5 | AB17: =[1]SourceValues!D17 -> 3.06 | AC17: =[1]SourceValues!E17 -> 99.1746
A18: =[1]SourceValues!A18 -> Wellness Visit 1-4 yrs new PT | B18: =[1]SourceValues!B18 -> 99382 | Z18: =SUM(W18:Y18) -> 0 | AA18: =[1]SourceValues!C18 -> 1.6 | AB18: =[1]SourceValues!D18 -> 3.28 | AC18: =[1]SourceValues!E18 -> 106.3048
... A55: =[1]SourceValues!A55 -> #REF! | B55: =[1]SourceValues!B55 -> #REF! | Z55: =SUM(W55:Y55) -> 0 | AA55: =[1]SourceValues!C55 -> #REF! | AB55: =[1]SourceValues!D55 -> #REF! | AC55: =[1]SourceValues!E55 -> 0
A56: =[1]SourceValues!A56 -> #REF! | B56: =[1]SourceValues!B56 -> #REF! | W56: =SUM(W7:W55) -> 0 | X56: =SUM(X7:X55) -> 0 | Y56: =SUM(Y7:Y55) -> 0 | Z56: =SUM(W56:Y56) -> 0 | AA56: =[1]SourceValues!C56 -> #REF! | AB56: =[1]SourceValues!D56 -> #REF! | AC56: =[1]SourceValues!E56 -> 0
A57: =[1]SourceValues!A57 -> Total Eye
A58: =[1]SourceValues!A58 -> Dental | B58: =[1]SourceValues!B58 -> #REF! | Z58: =SUM(W58:Y58) -> 0 | AA58: =[1]SourceValues!C58 -> #REF! | AB58: =[1]SourceValues!D58 -> #REF! | AC58: =[1]SourceValues!E58 -> #REF!
A59: =[1]SourceValues!A59 -> Limited oral evaluation | B59: =[1]SourceValues!B59 -> D0140 | Z59: =SUM(W59:Y59) -> 0 | AA59: =[1]SourceValues!C59 -> 0.75 | AB59: =[1]SourceValues!D59 -> 0.243075 | AC59: =[1]SourceValues!E59 -> 7.8780607
A60: =[1]SourceValues!A60 -> Comprehensive oral evaluation | B60: =[1]SourceValues!B60 -> D0150 | Z60: =SUM(W60:Y60) -> 0 | AA60: =[1]SourceValues!C60 -> 0.84 | AB60: =[1]SourceValues!D60 -> 0.272244 | AC60: =[1]SourceValues!E60 -> 8.823428
A61: =[1]SourceValues!A61 -> Detailed/extensive oral evaluation(oral cancer screening) | B61: =[1]SourceValues!B61 -> D0160 | Z61: =SUM(W61:Y61) -> 0 | AA61: =[1]SourceValues!C61 -> 1.38 | AB61: =[1]SourceValues!D61 -> 0.447258 | AC61: =[1]SourceValues!E61 -> 14.495632
A62: =[1]SourceValues!A62 -> Extraction, coronal rem - deciduous tooth | B62: =[1]SourceValues!B62 -> D7111 | Z62: =SUM(W62:Y62) -> 0 | AA62: =[1]SourceValues!C62 -> 1.17 | AB62: =[1]SourceValues!D62 -> 0.379197 | AC62: =[1]SourceValues!E62 -> 12.289775
A63: =[1]SourceValues!A63 -> Extraction, single tooth | B63: =[1]SourceValues!B63 -> D7140 | Z63: =SUM(W63:Y63) -> 0 | AA63: =[1]SourceValues!C63 -> 1.63 | AB63: =[1]SourceValues!D63 -> 0.528283 | AC63: =[1]SourceValues!E63 -> 17.121652
A64: =[1]SourceValues!A64 -> Surgical removal of erupted tooth | B64: =[1]SourceValues!B64 -> D7210 | Z64: =SUM(W64:Y64) -> 0 | AA64: =[1]SourceValues!C64 -> 2.76 | AB64: =[1]SourceValues!D64 -> 0.894516 | AC64: =[1]SourceValues!E64 -> 28.991264
A65: =[1]SourceValues!A65 -> Ext impacted tooth soft tissue | B65: =[1]SourceValues!B65 -> D7220 | Z65: =SUM(W65:Y65) -> 0 | AA65: =[1]SourceValues!C65 -> 3.26 | AB65: =[1]SourceValues!D65 -> 1.056566 | AC65: =[1]SourceValues!E65 -> 34.243304
A66: =[1]SourceValues!A66 -> Ext impacted tooth partial bony | B66: =[1]SourceValues!B66 -> D7230 | Z66: =SUM(W66:Y66) -> 0 | AA66: =[1]SourceValues!C66 -> 4.09 | AB66: =[1]SourceValues!D66 -> 1.325569 | AC66: =[1]SourceValues!E66 -> 42.961691
A67: =[1]SourceValues!A67 -> Ext impacted tooth comp bony | B67: =[1]SourceValues!B67 -> D7240 | Z67: =SUM(W67:Y67) -> 0 | AA67: =[1]SourceValues!C67 -> 4.84 | AB67: =[1]SourceValues!D67 -> 1.568644 | AC67: =[1]SourceValues!E67 -> 50.839752
A68: =[1]SourceValues!A68 -> Surgical removal of residual roots | B68: =[1]SourceValues!B68 -> D7250 | Z68: =SUM(W68:Y68) -> 0 | AA68: =[1]SourceValues!C68 -> 2.9 | AB68: =[1]SourceValues!D68 -> 0.93989 | AC68: =[1]SourceValues!E68 -> 30.461835
A69: =[1]SourceValues!A69 -> Alveoloplasty in conjunction with extractions-four or more teeth | B69: =[1]SourceValues!B69 -> D7310 | Z69: =SUM(W69:Y69) -> 0 | AA69: =[1]SourceValues!C69 -> 2.7 | AB69: =[1]SourceValues!D69 -> 0.87507 | AC69: =[1]SourceValues!E69 -> 28.361019
A70: =[1]SourceValues!A70 -> Alveoloplasty in conjunction with extractions-one to three teeth | B70: =[1]SourceValues!B70 -> D7311 | Z70: =SUM(W70:Y70) -> 0 | AA70: =[1]SourceValues!C70 -> 2.32 | AB70: =[1]SourceValues!D70 -> 0.751912 | AC70: =[1]SourceValues!E70 -> 24.369468
A71: =[1]SourceValues!A71 -> Cleaning of teeth | B71: =[1]SourceValues!B71 -> D1110 | W71: =SUM(W58:W70) -> 0 | X71: =SUM(X58:X70) -> 0 | Y71: =SUM(Y58:Y70) -> 0 | Z71: =SUM(W71:Y71) -> 0 | AA71: =[1]SourceValues!C71 -> 0.89 | AB71: =[1]SourceValues!D71 -> 0.288449 | AC71: =[1]SourceValues!E71 -> 9.3486321
A72: =[1]SourceValues!A72 -> Amalgam Filling-1 surface
A73: =[1]SourceValues!A73 -> Amalgam Filling-2 surface | B73: =[1]SourceValues!B73 -> D2150 | Z73: =SUM(W73:Y73) -> 0 | AA73: =[1]SourceValues!C73 -> 1.6 | AB73: =[1]SourceValues!D73 -> 0.51856 | AC73: =[1]SourceValues!E73 -> 16.80653
A74: =[1]SourceValues!A74 -> Amalgam Filling-3 surface | B74: =[1]SourceValues!B74 -> D2160 | Z74: =SUM(W74:Y74) -> 0 | AA74: =[1]SourceValues!C74 -> 1.95 | AB74: =[1]SourceValues!D74 -> 0.631995 | AC74: =[1]SourceValues!E74 -> 20.482958
A75: =[1]SourceValues!A75 -> Amalgam Filling-4 surface | B75: =[1]SourceValues!B75 -> D2161 | Z75: =SUM(W75:Y75) -> 0 | AA75: =[1]SourceValues!C75 -> 2.29 | AB75: =[1]SourceValues!D75 -> 0.742189 | AC75: =[1]SourceValues!E75 -> 24.054345
A76: =[1]SourceValues!A76 -> Composite Filling Anterior-1 surface | B76: =[1]SourceValues!B76 -> D2330 | Z76: =SUM(W76:Y76) -> 0 | AA76: =[1]SourceValues!C76 -> 1.55 | AB76: =[1]SourceValues!D76 -> 0.502355 | AC76: =[1]SourceValues!E76 -> 16.281326
A77: =[1]SourceValues!A77 -> Composite Filling Anterior-2 surface | B77: =[1]SourceValues!B77 -> D2331 | Z77: =SUM(W77:Y77) -> 0 | AA77: =[1]SourceValues!C77 -> 1.94 | AB77: =[1]SourceValues!D77 -> 0.628754 | AC77: =[1]SourceValues!E77 -> 20.377917
A78: =[1]SourceValues!A78 -> Composite Filling Anterior-3 surface | B78: =[1]SourceValues!B78 -> D2332 | Z78: =SUM(W78:Y78) -> 0 | AA78: =[1]SourceValues!C78 -> 2.31 | AB78: =[1]SourceValues!D78 -> 0.748671 | AC78: =[1]SourceValues!E78 -> 24.264427
A79: =[1]SourceValues!A79 -> Composite Filling Anterior-4 surface | B79: =[1]SourceValues!B79 -> D2335 | Z79: =SUM(W79:Y79) -> 0 | AA79: =[1]SourceValues!C79 -> 2.81 | AB79: =[1]SourceValues!D79 -> 0.910721 | AC79: =[1]SourceValues!E79 -> 29.516468
A80: =[1]SourceValues!A80 -> Composite Filling Posterior-1 surface | B80: =[1]SourceValues!B80 -> D2391 | Z80: =SUM(W80:Y80) -> 0 | AA80: =[1]SourceValues!C80 -> 1.71 | AB80: =[1]SourceValues!D80 -> 0.554211 | AC80: =[1]SourceValues!E80 -> 17.961979
A81: =[1]SourceValues!A81 -> Composite Filling Posterior-2 surface | B81: =[1]SourceValues!B81 -> D2392 | Z81: =SUM(W81:Y81) -> 0 | AA81: =[1]SourceValues!C81 -> 2.19 | AB81: =[1]SourceValues!D81 -> 0.709779 | AC81: =[1]SourceValues!E81 -> 23.003937
A82: =[1]SourceValues!A82 -> Composite Filling Posterior-3 surface | B82: =[1]SourceValues!B82 -> D2393 | Z82: =SUM(W82:Y82) -> 0 | AA82: =[1]SourceValues!C82 -> 2.64 | AB82: =[1]SourceValues!D82 -> 0.855624 | AC82: =[1]SourceValues!E82 -> 27.730774
A83: =[1]SourceValues!A83 -> Composite Filling Posterior-4 surface | B83: =[1]SourceValues!B83 -> D2394 | Z83: =SUM(W83:Y83) -> 0 | AA83: =[1]SourceValues!C83 -> 3.09 | AB83: =[1]SourceValues!D83 -> 1.001469 | AC83: =[1]SourceValues!E83 -> 32.45761
A84: =[1]SourceValues!A84 -> Sedative Filling | B84: =[1]SourceValues!B84 -> D2940 | Z84: =SUM(W84:Y84) -> 0 | AA84: =[1]SourceValues!C84 -> 1.09 | AB84: =[1]SourceValues!D84 -> 0.353269 | AC84: =[1]SourceValues!E84 -> 11.449448
... A90: =[1]SourceValues!A90 -> Radiograph-bitwing X 1 | B90: =[1]SourceValues!B90 -> D0220 | Z90: =SUM(W90:Y90) -> 0 | AA90: =[1]SourceValues!C90 -> 0.29 | AB90: =[1]SourceValues!D90 -> 0.093989 | AC90: =[1]SourceValues!E90 -> 3.0461835
A91: =[1]SourceValues!A91 -> Radiograph-bitwing X 2 | B91: =[1]SourceValues!B91 -> D0272 | W91: =SUM(W73:W90) -> 0 | X91: =SUM(X73:X90) -> 0 | Y91: =SUM(Y73:Y90) -> 0 | Z91: =SUM(W91:Y91) -> 0 | AA91: =[1]SourceValues!C91 -> 0.45 | AB91: =[1]SourceValues!D91 -> 0.145845 | AC91: =[1]SourceValues!E91 -> 4.7268364
A92: =SourceValues!A5 -> Dental
B93: Code
A94: Patient Seating (Encounter) | B94: W9999 | W94: =SUM(C94:N94) -> 0 | X94: =SUM(O94:T94) -> 0 | Y94: =SUM(U94:V94) -> 0 | Z94: =SUM(W94:Y94) -> 0 | AD94: =Z94*AC94 -> 0
A95: Periodic oral evaluation – established patient | B95: D0120 | W95: =SUM(C95:N95) -> 0 | X95: =SUM(O95:T95) -> 0 | Y95: =SUM(U95:V95) -> 0 | Z95: =SUM(W95:Y95) -> 0 | AA95: =VLOOKUP(B95,SourceValues!$B$6:$E$88,2,FALSE) -> 0.62 | AB95: =VLOOKUP(B95,SourceValues!$B$6:$E$88,3,FALSE) -> 0.717402 | AC95: =VLOOKUP(B95,SourceValues!$B$6:$E$88,4,FALSE) -> 71.74 | AD95: =Z95*AC95 -> 0
A96: Limited oral evaluation – problem focused | B96: D0140 | W96: =SUM(C96:N96) -> 0 | X96: =SUM(O96:T96) -> 0 | Y96: =SUM(U96:V96) -> 0 | Z96: =SUM(W96:Y96) -> 0 | AA96: =VLOOKUP(B96,SourceValues!$B$6:$E$88,2,FALSE) -> 0.93 | AB96: =VLOOKUP(B96,SourceValues!$B$6:$E$88,3,FALSE) -> 1.076103 | AC96: =VLOOKUP(B96,SourceValues!$B$6:$E$88,4,FALSE) -> 107.61 | AD96: =Z96*AC96 -> 0
A97: Oral evaluation for a patient under three years of age and counseling with primary caregiver | B97: D0145 | AA97: =VLOOKUP(B97,SourceValues!$B$6:$E$88,2,FALSE) -> 0.91 | AB97: =VLOOKUP(B97,SourceValues!$B$6:$E$88,3,FALSE) -> 1.052961 | AC97: =VLOOKUP(B97,SourceValues!$B$6:$E$88,4,FALSE) -> 105.3 | AD97: =Z97*AC97 -> 0
A98: Comprehensive oral evaluation – new or established patient | B98: D0150 | W98: =SUM(C98:N98) -> 0 | X98: =SUM(O98:T98) -> 0 | Y98: =SUM(U98:V98) -> 0 | Z98: =SUM(W98:Y98) -> 0 | AA98: =VLOOKUP(B98,SourceValues!$B$6:$E$88,2,FALSE) -> 1.05 | AB98: =VLOOKUP(B98,SourceValues!$B$6:$E$88,3,FALSE) -> 1.214955 | AC98: =VLOOKUP(B98,SourceValues!$B$6:$E$88,4,FALSE) -> 121.5 | AD98: =Z98*AC98 -> 0
A99: Detailed and extensive oral evaluation – problem focused, by report | B99: D0160 | W99: =SUM(C99:N99) -> 0 | X99: =SUM(O99:T99) -> 0 | Y99: =SUM(U99:V99) -> 0 | Z99: =SUM(W99:Y99) -> 0 | AA99: =VLOOKUP(B99,SourceValues!$B$6:$E$88,2,FALSE) -> 1.58 | AB99: =VLOOKUP(B99,SourceValues!$B$6:$E$88,3,FALSE) -> 1.828218 | AC99: =VLOOKUP(B99,SourceValues!$B$6:$E$88,4,FALSE) -> 182.82 | AD99: =Z99*AC99 -> 0
A100: Re‐evaluation – post-operative office visit | B100: D0171 | W100: =SUM(C100:N100) -> 0 | X100: =SUM(O100:T100) -> 0 | Y100: =SUM(U100:V100) -> 0 | Z100: =SUM(W100:Y100) -> 0 | AA100: =VLOOKUP(B100,SourceValues!$B$6:$E$88,2,FALSE) -> 0.75 | AB100: =VLOOKUP(B100,SourceValues!$B$6:$E$88,3,FALSE) -> 0.867825 | AC100: =VLOOKUP(B100,SourceValues!$B$6:$E$88,4,FALSE) -> 86.78 | AD100: =Z100*AC100 -> 0
A101: Screening of a patient | B101: D0190 | W101: =SUM(C101:N101) -> 0 | X101: =SUM(O101:T101) -> 0 | Y101: =SUM(U101:V101) -> 0 | Z101: =SUM(W101:Y101) -> 0 | AA101: =VLOOKUP(B101,SourceValues!$B$6:$E$88,2,FALSE) -> 0.5 | AB101: =VLOOKUP(B101,SourceValues!$B$6:$E$88,3,FALSE) -> 0.57855 | AC101: =VLOOKUP(B101,SourceValues!$B$6:$E$88,4,FALSE) -> 57.86 | AD101: =Z101*AC101 -> 0
A102: Intraoral - comprehensive series of radiographic images | B102: D0210 | W102: =SUM(C102:N102) -> 0 | X102: =SUM(O102:T102) -> 0 | Y102: =SUM(U102:V102) -> 0 | Z102: =SUM(W102:Y102) -> 0 | AA102: =VLOOKUP(B102,SourceValues!$B$6:$E$88,2,FALSE) -> 1.64 | AB102: =VLOOKUP(B102,SourceValues!$B$6:$E$88,3,FALSE) -> 1.897644 | AC102: =VLOOKUP(B102,SourceValues!$B$6:$E$88,4,FALSE) -> 189.77 | AD102: =Z102*AC102 -> 0
A103: Intraoral – periapical first radiographic image | B103: D0220 | W103: =SUM(C103:N103) -> 0 | X103: =SUM(O103:T103) -> 0 | Y103: =SUM(U103:V103) -> 0 | Z103: =SUM(W103:Y103) -> 0 | AA103: =VLOOKUP(B103,SourceValues!$B$6:$E$88,2,FALSE) -> 0.36 | AB103: =VLOOKUP(B103,SourceValues!$B$6:$E$88,3,FALSE) -> 0.416556 | AC103: =VLOOKUP(B103,SourceValues!$B$6:$E$88,4,FALSE) -> 41.66 | AD103: =Z103*AC103 -> 0
A104: Intraoral – periapical each additional radiographic image | B104: D0230 | W104: =SUM(C104:N104) -> 0 | X104: =SUM(O104:T104) -> 0 | Y104: =SUM(U104:V104) -> 0 | Z104: =SUM(W104:Y104) -> 0 | AA104: =VLOOKUP(B104,SourceValues!$B$6:$E$88,2,FALSE) -> 0.3 | AB104: =VLOOKUP(B104,SourceValues!$B$6:$E$88,3,FALSE) -> 0.34713 | AC104: =VLOOKUP(B104,SourceValues!$B$6:$E$88,4,FALSE) -> 34.71 | AD104: =Z104*AC104 -> 0
A105: Intraoral – occlusal radiographic image | B105: D0240 | W105: =SUM(C105:N105) -> 0 | X105: =SUM(O105:T105) -> 0 | Y105: =SUM(U105:V105) -> 0 | Z105: =SUM(W105:Y105) -> 0 | AA105: =VLOOKUP(B105,SourceValues!$B$6:$E$88,2,FALSE) -> 0.44 | AB105: =VLOOKUP(B105,SourceValues!$B$6:$E$88,3,FALSE) -> 0.509124 | AC105: =VLOOKUP(B105,SourceValues!$B$6:$E$88,4,FALSE) -> 50.91 | AD105: =Z105*AC105 -> 0
A106: Bitewing – single radiographic image | B106: D0270 | W106: =SUM(C106:N106) -> 0 | X106: =SUM(O106:T106) -> 0 | Y106: =SUM(U106:V106) -> 0 | Z106: =SUM(W106:Y106) -> 0 | AA106: =VLOOKUP(B106,SourceValues!$B$6:$E$88,2,FALSE) -> 0.37 | AB106: =VLOOKUP(B106,SourceValues!$B$6:$E$88,3,FALSE) -> 0.428127 | AC106: =VLOOKUP(B106,SourceValues!$B$6:$E$88,4,FALSE) -> 42.81 | AD106: =Z106*AC106 -> 0
A107: Bitewings – two radiographic images | B107: D0272 | W107: =SUM(C107:N107) -> 0 | X107: =SUM(O107:T107) -> 0 | Y107: =SUM(U107:V107) -> 0 | Z107: =SUM(W107:Y107) -> 0 | AA107: =VLOOKUP(B107,SourceValues!$B$6:$E$88,2,FALSE) -> 0.55 | AB107: =VLOOKUP(B107,SourceValues!$B$6:$E$88,3,FALSE) -> 0.636405 | AC107: =VLOOKUP(B107,SourceValues!$B$6:$E$88,4,FALSE) -> 63.64 | AD107: =Z107*AC107 -> 0
A108: Bitewings – three radiographic images | B108: D0273 | W108: =SUM(C108:N108) -> 0 | X108: =SUM(O108:T108) -> 0 | Y108: =SUM(U108:V108) -> 0 | Z108: =SUM(W108:Y108) -> 0 | AA108: =VLOOKUP(B108,SourceValues!$B$6:$E$88,2,FALSE) -> 0.63 | AB108: =VLOOKUP(B108,SourceValues!$B$6:$E$88,3,FALSE) -> 0.728973 | AC108: =VLOOKUP(B108,SourceValues!$B$6:$E$88,4,FALSE) -> 72.9 | AD108: =Z108*AC108 -> 0
A109: Bitewings – four radiographic images | B109: D0274 | W109: =SUM(C109:N109) -> 0 | X109: =SUM(O109:T109) -> 0 | Y109: =SUM(U109:V109) -> 0 | Z109: =SUM(W109:Y109) -> 0 | AA109: =VLOOKUP(B109,SourceValues!$B$6:$E$88,2,FALSE) -> 0.76 | AB109: =VLOOKUP(B109,SourceValues!$B$6:$E$88,3,FALSE) -> 0.879396 | AC109: =VLOOKUP(B109,SourceValues!$B$6:$E$88,4,FALSE) -> 87.94 | AD109: =Z109*AC109 -> 0
... A168: Palliative treatment of dental pain - per visit | B168: D9110 | W168: =SUM(C168:N168) -> 0 | X168: =SUM(O168:T168) -> 0 | Y168: =SUM(U168:V168) -> 0 | Z168: =SUM(W168:Y168) -> 0 | AA168: =VLOOKUP(B168,SourceValues!$B$6:$E$88,2,FALSE) -> 1.38 | AB168: =VLOOKUP(B168,SourceValues!$B$6:$E$88,3,FALSE) -> 1.596798 | AC168: =VLOOKUP(B168,SourceValues!$B$6:$E$88,4,FALSE) -> 159.68 | AD168: =Z168*AC168 -> 0
A169: Regional block anesthesia | B169: D9211 | W169: =SUM(C169:N169) -> 0 | X169: =SUM(O169:T169) -> 0 | Y169: =SUM(U169:V169) -> 0 | Z169: =SUM(W169:Y169) -> 0 | AA169: =VLOOKUP(B169,SourceValues!$B$6:$E$88,2,FALSE) -> 0.62 | AB169: =VLOOKUP(B169,SourceValues!$B$6:$E$88,3,FALSE) -> 0.717402 | AC169: =VLOOKUP(B169,SourceValues!$B$6:$E$88,4,FALSE) -> 71.74 | AD169: =Z169*AC169 -> 0 | AE169: Total Cleanings (Daily) | AF169: Grand Total Cleanings
A170: Local anesthesia in conjunction with operative or surgical procedures | B170: D9215 | W170: =SUM(C170:N170) -> 0 | X170: =SUM(O170:T170) -> 0 | Y170: =SUM(U170:V170) -> 0 | Z170: =SUM(W170:Y170) -> 0 | AA170: =VLOOKUP(B170,SourceValues!$B$6:$E$88,2,FALSE) -> 0.39 | AB170: =VLOOKUP(B170,SourceValues!$B$6:$E$88,3,FALSE) -> 0.451269 | AC170: =VLOOKUP(B170,SourceValues!$B$6:$E$88,4,FALSE) -> 45.13 | AD170: =Z170*AC170 -> 0 | AE170: =SUM(Z112,Z113,Z147) -> 0 | AF170: =SUM(AE170,'Day3'!AF170) -> 0
A171: Consultation – diagnostic service provided by dentist or physician other than requesting dentist or physician | B171: D9310 | W171: =SUM(C171:N171) -> 0 | X171: =SUM(O171:T171) -> 0 | Y171: =SUM(U171:V171) -> 0 | Z171: =SUM(W171:Y171) -> 0 | AA171: =VLOOKUP(B171,SourceValues!$B$6:$E$88,2,FALSE) -> 1.47 | AB171: =VLOOKUP(B171,SourceValues!$B$6:$E$88,3,FALSE) -> 1.700937 | AC171: =VLOOKUP(B171,SourceValues!$B$6:$E$88,4,FALSE) -> 170.1 | AD171: =Z171*AC171 -> 0 | AE171: Total Fillings (Daily) | AF171: Grand Total Fillings
A172: Drugs or medicaments dispensed in the office for home use | B172: D9630 | W172: =SUM(C172:N172) -> 0 | X172: =SUM(O172:T172) -> 0 | Y172: =SUM(U172:V172) -> 0 | Z172: =SUM(W172:Y172) -> 0 | AA172: =VLOOKUP(B172,SourceValues!$B$6:$E$88,2,FALSE) -> 0.34 | AB172: =VLOOKUP(B172,SourceValues!$B$6:$E$88,3,FALSE) -> 0.393414 | AC172: =VLOOKUP(B172,SourceValues!$B$6:$E$88,4,FALSE) -> 39.34 | AD172: =Z172*AC172 -> 0 | AE172: =SUM(Z122:Z138) -> 0 | AF172: =SUM(AE172,'Day3'!AF172) -> 0
A173: Application of desensitizing medicament | B173: D9910 | W173: =SUM(C173:N173) -> 0 | X173: =SUM(O173:T173) -> 0 | Y173: =SUM(U173:V173) -> 0 | Z173: =SUM(W173:Y173) -> 0 | AA173: =VLOOKUP(B173,SourceValues!$B$6:$E$88,2,FALSE) -> 0.66 | AB173: =VLOOKUP(B173,SourceValues!$B$6:$E$88,3,FALSE) -> 0.763686 | AC173: =VLOOKUP(B173,SourceValues!$B$6:$E$88,4,FALSE) -> 76.37 | AD173: =Z173*AC173 -> 0 | AE173: Total Extractions (Daily) | AF173: Grand Total Extractions
A174: Treatment of complications (post–surgical) – unusual circumstances, by report | B174: D9930 | W174: =SUM(C174:N174) -> 0 | X174: =SUM(O174:T174) -> 0 | Y174: =SUM(U174:V174) -> 0 | Z174: =SUM(W174:Y174) -> 0 | AA174: =VLOOKUP(B174,SourceValues!$B$6:$E$88,2,FALSE) -> 1.27 | AB174: =VLOOKUP(B174,SourceValues!$B$6:$E$88,3,FALSE) -> 1.469517 | AC174: =VLOOKUP(B174,SourceValues!$B$6:$E$88,4,FALSE) -> 146.95 | AD174: =Z174*AC174 -> 0 | AE174: =SUM(Z154:Z159) -> 0 | AF174: =SUM(AE174,'Day3'!AF174) -> 0
A175: Occlusal adjustment – limited | B175: D9951 | W175: =SUM(C175:N175) -> 0 | X175: =SUM(O175:T175) -> 0 | Y175: =SUM(U175:V175) -> 0 | Z175: =SUM(W175:Y175) -> 0 | AA175: =VLOOKUP(B175,SourceValues!$B$6:$E$88,2,FALSE) -> 1.47 | AB175: =VLOOKUP(B175,SourceValues!$B$6:$E$88,3,FALSE) -> 1.700937 | AC175: =VLOOKUP(B175,SourceValues!$B$6:$E$88,4,FALSE) -> 170.1 | AD175: =Z175*AC175 -> 0 | AE175: Mission Total Procedures
A176: Unspecified adjunctive procedure, by report | B176: D9999 | W176: =SUM(C176:N176) -> 0 | X176: =SUM(O176:T176) -> 0 | Y176: =SUM(U176:V176) -> 0 | Z176: =SUM(W176:Y176) -> 0 | AA176: =VLOOKUP(B176,SourceValues!$B$6:$E$88,2,FALSE) -> 0 | AB176: =VLOOKUP(B176,SourceValues!$B$6:$E$88,3,FALSE) -> 0 | AC176: =VLOOKUP(B176,SourceValues!$B$6:$E$88,4,FALSE) -> 0 | AD176: =Z176*AC176 -> 0 | AE176: =Z177+'Day3'!AE176 -> 0
A177: Total Dental | C177: =SUM(C96:C156) -> 0 | D177: =SUM(D96:D156) -> 0 | E177: 0 | F177: =SUM(F96:F156) -> 0 | N177: =SUM(N96:N156) -> 0 | S177: =SUM(S96:S156) -> 0 | W177: =SUM(W95:W156) -> 0 | X177: =SUM(X95:X176) -> 0 | Y177: =SUM(Y95:Y176) -> 0 | Z177: =SUM(Z95:Z176) -> 0 | AA177: - | AB177: - | AC177: - | AD177: =SUM(AD94:AD176) -> 0 | AE177: Mission Total Patients
A178: Grand Total | AD178: =AD177+'Day3'!AD178 -> 0 | AE178: =Z94+'Day3'!AE178 -> 0

Sheet Day5
A1: Date: | B1: 45806
A2: Operational Workload, Utilizing Relative Value Units (RVUs)
A3: Exercise: | B3: IRT FY25 Puerto Rico
A4: Site Location: | W4: Total Procedures: | Y4: =Z178 -> 0 | AC4: CY2024 RVU Conversion Factor Medical: | AD4: =SourceValues!E5 -> 115.71
A5: Procedure | B5: CPT | C5: Provider | D5: Provider | E5: Provider | F5: Provider | G5: Provider | H5: Provider | I5: Provider | J5: Provider | K5: Provider | L5: Provider | M5: Provider | N5: Provider | O5: Provider | P5: Provider | Q5: Provider | R5: Provider | S5: Provider | T5: Provider | U5: Provider | V5: Provider | W5: =ProjectDetails!B35 -> USNR | X5: =ProjectDetails!B36 -> AFRC | Y5: USPHS | Z5: Total Procedures | AA5: Worked RVU | AB5: Non-Facility RVU | AC5: Global Value | AD5: Total Value
A6: Medical
A7: =[1]SourceValues!A7 -> Outpt visit - prob focused - physician - 20 min | B7: =[1]SourceValues!B7 -> 99202 | Z7: =SUM(W7:Y7) -> 0 | AA7: =[1]SourceValues!C7 -> 0.93 | AB7: =[1]SourceValues!D7 -> 2.14 | AC7: =[1]SourceValues!E7 -> 69.3574
A8: =[1]SourceValues!A8 -> Outpt visit - prob focused - physician - 30 min | B8: =[1]SourceValues!B8 -> 99203 | Z8: =SUM(W8:Y8) -> 0 | AA8: =[1]SourceValues!C8 -> 1.42 | AB8: =[1]SourceValues!D8 -> 3.03 | AC8: =[1]SourceValues!E8 -> 98.2023
A9: =[1]SourceValues!A9 -> Outpt visit - prob focused - physician - 45 min | B9: =[1]SourceValues!B9 -> 99204 | Z9: =SUM(W9:Y9) -> 0 | AA9: =[1]SourceValues!C9 -> 2.43 | AB9: =[1]SourceValues!D9 -> 4.63 | AC9: =[1]SourceValues!E9 -> 150.0583
A10: =[1]SourceValues!A10 -> Cerumen evacuation | B10: =[1]SourceValues!B10 -> 69210 | Z10: =SUM(W10:Y10) -> 0 | AA10: =[1]SourceValues!C10 -> 0.61 | AB10: =[1]SourceValues!D10 -> 1.36 | AC10: =[1]SourceValues!E10 -> 44.0776
A11: =[1]SourceValues!A11 -> Counseling, prev med , 15 min | B11: =[1]SourceValues!B11 -> 99401 | Z11: =SUM(W11:Y11) -> 0 | AA11: =[1]SourceValues!C11 -> 0.48 | AB11: =[1]SourceValues!D11 -> 1.12 | AC11: =[1]SourceValues!E11 -> 36.2992
A12: =[1]SourceValues!A12 -> Counseling, prev med, 30 min | B12: =[1]SourceValues!B12 -> 99402 | Z12: =SUM(W12:Y12) -> 0 | AA12: =[1]SourceValues!C12 -> 0.98 | AB12: =[1]SourceValues!D12 -> 1.85 | AC12: =[1]SourceValues!E12 -> 59.9585
A13: =[1]SourceValues!A13 -> Counseling, smoking cessation, < 10 min | B13: =[1]SourceValues!B13 -> 99406 | Z13: =SUM(W13:Y13) -> 0 | AA13: =[1]SourceValues!C13 -> 0.24 | AB13: =[1]SourceValues!D13 -> 0.43 | AC13: =[1]SourceValues!E13 -> 13.9363
A14: =[1]SourceValues!A14 -> Counseling, smoking cessation, > 10 min | B14: =[1]SourceValues!B14 -> 99407 | Z14: =SUM(W14:Y14) -> 0 | AA14: =[1]SourceValues!C14 -> 0.5 | AB14: =[1]SourceValues!D14 -> 0.82 | AC14: =[1]SourceValues!E14 -> 26.5762
A15: =[1]SourceValues!A15 -> Multi-System complaint | B15: =[1]SourceValues!B15 -> 99214 | Z15: =SUM(W15:Y15) -> 0 | AA15: =[1]SourceValues!C15 -> 1.5 | AB15: =[1]SourceValues!D15 -> 3.06 | AC15: =[1]SourceValues!E15 -> 99.1746
A16: =[1]SourceValues!A16 -> Regular office visit | B16: =[1]SourceValues!B16 -> 99213 | Z16: =SUM(W16:Y16) -> 0 | AA16: =[1]SourceValues!C16 -> 0.97 | AB16: =[1]SourceValues!D16 -> 2.09 | AC16: =[1]SourceValues!E16 -> 67.7369
A17: =[1]SourceValues!A17 -> Wellness Visit under 1yr New PT | B17: =[1]SourceValues!B17 -> 99381 | Z17: =SUM(W17:Y17) -> 0 | AA17: =[1]SourceValues!C17 -> 1.5 | AB17: =[1]SourceValues!D17 -> 3.06 | AC17: =[1]SourceValues!E17 -> 99.1746
A18: =[1]SourceValues!A18 -> Wellness Visit 1-4 yrs new PT | B18: =[1]SourceValues!B18 -> 99382 | Z18: =SUM(W18:Y18) -> 0 | AA18: =[1]SourceValues!C18 -> 1.6 | AB18: =[1]SourceValues!D18 -> 3.28 | AC18: =[1]SourceValues!E18 -> 106.3048
... A55: =[1]SourceValues!A55 -> #REF! | B55: =[1]SourceValues!B55 -> #REF! | Z55: =SUM(W55:Y55) -> 0 | AA55: =[1]SourceValues!C55 -> #REF! | AB55: =[1]SourceValues!D55 -> #REF! | AC55: =[1]SourceValues!E55 -> 0
A56: =[1]SourceValues!A56 -> #REF! | B56: =[1]SourceValues!B56 -> #REF! | W56: =SUM(W7:W55) -> 0 | X56: =SUM(X7:X55) -> 0 | Y56: =SUM(Y7:Y55) -> 0 | Z56: =SUM(W56:Y56) -> 0 | AA56: =[1]SourceValues!C56 -> #REF! | AB56: =[1]SourceValues!D56 -> #REF! | AC56: =[1]SourceValues!E56 -> 0
A57: =[1]SourceValues!A57 -> Total Eye
A58: =[1]SourceValues!A58 -> Dental | B58: =[1]SourceValues!B58 -> #REF! | Z58: =SUM(W58:Y58) -> 0 | AA58: =[1]SourceValues!C58 -> #REF! | AB58: =[1]SourceValues!D58 -> #REF! | AC58: =[1]SourceValues!E58 -> #REF!
A59: =[1]SourceValues!A59 -> Limited oral evaluation | B59: =[1]SourceValues!B59 -> D0140 | Z59: =SUM(W59:Y59) -> 0 | AA59: =[1]SourceValues!C59 -> 0.75 | AB59: =[1]SourceValues!D59 -> 0.243075 | AC59: =[1]SourceValues!E59 -> 7.8780607
A60: =[1]SourceValues!A60 -> Comprehensive oral evaluation | B60: =[1]SourceValues!B60 -> D0150 | Z60: =SUM(W60:Y60) -> 0 | AA60: =[1]SourceValues!C60 -> 0.84 | AB60: =[1]SourceValues!D60 -> 0.272244 | AC60: =[1]SourceValues!E60 -> 8.823428
A61: =[1]SourceValues!A61 -> Detailed/extensive oral evaluation(oral cancer screening) | B61: =[1]SourceValues!B61 -> D0160 | Z61: =SUM(W61:Y61) -> 0 | AA61: =[1]SourceValues!C61 -> 1.38 | AB61: =[1]SourceValues!D61 -> 0.447258 | AC61: =[1]SourceValues!E61 -> 14.495632
A62: =[1]SourceValues!A62 -> Extraction, coronal rem - deciduous tooth | B62: =[1]SourceValues!B62 -> D7111 | Z62: =SUM(W62:Y62) -> 0 | AA62: =[1]SourceValues!C62 -> 1.17 | AB62: =[1]SourceValues!D62 -> 0.379197 | AC62: =[1]SourceValues!E62 -> 12.289775
A63: =[1]SourceValues!A63 -> Extraction, single tooth | B63: =[1]SourceValues!B63 -> D7140 | Z63: =SUM(W63:Y63) -> 0 | AA63: =[1]SourceValues!C63 -> 1.63 | AB63: =[1]SourceValues!D63 -> 0.528283 | AC63: =[1]SourceValues!E63 -> 17.121652
A64: =[1]SourceValues!A64 -> Surgical removal of erupted tooth | B64: =[1]SourceValues!B64 -> D7210 | Z64: =SUM(W64:Y64) -> 0 | AA64: =[1]SourceValues!C64 -> 2.76 | AB64: =[1]SourceValues!D64 -> 0.894516 | AC64: =[1]SourceValues!E64 -> 28.991264
A65: =[1]SourceValues!A65 -> Ext impacted tooth soft tissue | B65: =[1]SourceValues!B65 -> D7220 | Z65: =SUM(W65:Y65) -> 0 | AA65: =[1]SourceValues!C65 -> 3.26 | AB65: =[1]SourceValues!D65 -> 1.056566 | AC65: =[1]SourceValues!E65 -> 34.243304
A66: =[1]SourceValues!A66 -> Ext impacted tooth partial bony | B66: =[1]SourceValues!B66 -> D7230 | Z66: =SUM(W66:Y66) -> 0 | AA66: =[1]SourceValues!C66 -> 4.09 | AB66: =[1]SourceValues!D66 -> 1.325569 | AC66: =[1]SourceValues!E66 -> 42.961691
A67: =[1]SourceValues!A67 -> Ext impacted tooth comp bony | B67: =[1]SourceValues!B67 -> D7240 | Z67: =SUM(W67:Y67) -> 0 | AA67: =[1]SourceValues!C67 -> 4.84 | AB67: =[1]SourceValues!D67 -> 1.568644 | AC67: =[1]SourceValues!E67 -> 50.839752
A68: =[1]SourceValues!A68 -> Surgical removal of residual roots | B68: =[1]SourceValues!B68 -> D7250 | Z68: =SUM(W68:Y68) -> 0 | AA68: =[1]SourceValues!C68 -> 2.9 | AB68: =[1]SourceValues!D68 -> 0.93989 | AC68: =[1]SourceValues!E68 -> 30.461835
A69: =[1]SourceValues!A69 -> Alveoloplasty in conjunction with extractions-four or more teeth | B69: =[1]SourceValues!B69 -> D7310 | Z69: =SUM(W69:Y69) -> 0 | AA69: =[1]SourceValues!C69 -> 2.7 | AB69: =[1]SourceValues!D69 -> 0.87507 | AC69: =[1]SourceValues!E69 -> 28.361019
A70: =[1]SourceValues!A70 -> Alveoloplasty in conjunction with extractions-one to three teeth | B70: =[1]SourceValues!B70 -> D7311 | Z70: =SUM(W70:Y70) -> 0 | AA70: =[1]SourceValues!C70 -> 2.32 | AB70: =[1]SourceValues!D70 -> 0.751912 | AC70: =[1]SourceValues!E70 -> 24.369468
A71: =[1]SourceValues!A71 -> Cleaning of teeth | B71: =[1]SourceValues!B71 -> D1110 | W71: =SUM(W58:W70) -> 0 | X71: =SUM(X58:X70) -> 0 | Y71: =SUM(Y58:Y70) -> 0 | Z71: =SUM(W71:Y71) -> 0 | AA71: =[1]SourceValues!C71 -> 0.89 | AB71: =[1]SourceValues!D71 -> 0.288449 | AC71: =[1]SourceValues!E71 -> 9.3486321
A72: =[1]SourceValues!A72 -> Amalgam Filling-1 surface
A73: =[1]SourceValues!A73 -> Amalgam Filling-2 surface | B73: =[1]SourceValues!B73 -> D2150 | Z73: =SUM(W73:Y73) -> 0 | AA73: =[1]SourceValues!C73 -> 1.6 | AB73: =[1]SourceValues!D73 -> 0.51856 | AC73: =[1]SourceValues!E73 -> 16.80653
A74: =[1]SourceValues!A74 -> Amalgam Filling-3 surface | B74: =[1]SourceValues!B74 -> D2160 | Z74: =SUM(W74:Y74) -> 0 | AA74: =[1]SourceValues!C74 -> 1.95 | AB74: =[1]SourceValues!D74 -> 0.631995 | AC74: =[1]SourceValues!E74 -> 20.482958
A75: =[1]SourceValues!A75 -> Amalgam Filling-4 surface | B75: =[1]SourceValues!B75 -> D2161 | Z75: =SUM(W75:Y75) -> 0 | AA75: =[1]SourceValues!C75 -> 2.29 | AB75: =[1]SourceValues!D75 -> 0.742189 | AC75: =[1]SourceValues!E75 -> 24.054345
A76: =[1]SourceValues!A76 -> Composite Filling Anterior-1 surface | B76: =[1]SourceValues!B76 -> D2330 | Z76: =SUM(W76:Y76) -> 0 | AA76: =[1]SourceValues!C76 -> 1.55 | AB76: =[1]SourceValues!D76 -> 0.502355 | AC76: =[1]SourceValues!E76 -> 16.281326
A77: =[1]SourceValues!A77 -> Composite Filling Anterior-2 surface | B77: =[1]SourceValues!B77 -> D2331 | Z77: =SUM(W77:Y77) -> 0 | AA77: =[1]SourceValues!C77 -> 1.94 | AB77: =[1]SourceValues!D77 -> 0.628754 | AC77: =[1]SourceValues!E77 -> 20.377917
A78: =[1]SourceValues!A78 -> Composite Filling Anterior-3 surface | B78: =[1]SourceValues!B78 -> D2332 | Z78: =SUM(W78:Y78) -> 0 | AA78: =[1]SourceValues!C78 -> 2.31 | AB78: =[1]SourceValues!D78 -> 0.748671 | AC78: =[1]SourceValues!E78 -> 24.264427
A79: =[1]SourceValues!A79 -> Composite Filling Anterior-4 surface | B79: =[1]SourceValues!B79 -> D2335 | Z79: =SUM(W79:Y79) -> 0 | AA79: =[1]SourceValues!C79 -> 2.81 | AB79: =[1]SourceValues!D79 -> 0.910721 | AC79: =[1]SourceValues!E79 -> 29.516468
A80: =[1]SourceValues!A80 -> Composite Filling Posterior-1 surface | B80: =[1]SourceValues!B80 -> D2391 | Z80: =SUM(W80:Y80) -> 0 | AA80: =[1]SourceValues!C80 -> 1.71 | AB80: =[1]SourceValues!D80 -> 0.554211 | AC80: =[1]SourceValues!E80 -> 17.961979
A81: =[1]SourceValues!A81 -> Composite Filling Posterior-2 surface | B81: =[1]SourceValues!B81 -> D2392 | Z81: =SUM(W81:Y81) -> 0 | AA81: =[1]SourceValues!C81 -> 2.19 | AB81: =[1]SourceValues!D81 -> 0.709779 | AC81: =[1]SourceValues!E81 -> 23.003937
A82: =[1]SourceValues!A82 -> Composite Filling Posterior-3 surface | B82: =[1]SourceValues!B82 -> D2393 | Z82: =SUM(W82:Y82) -> 0 | AA82: =[1]SourceValues!C82 -> 2.64 | AB82: =[1]SourceValues!D82 -> 0.855624 | AC82: =[1]SourceValues!E82 -> 27.730774
A83: =[1]SourceValues!A83 -> Composite Filling Posterior-4 surface | B83: =[1]SourceValues!B83 -> D2394 | Z83: =SUM(W83:Y83) -> 0 | AA83: =[1]SourceValues!C83 -> 3.09 | AB83: =[1]SourceValues!D83 -> 1.001469 | AC83: =[1]SourceValues!E83 -> 32.45761
A84: =[1]SourceValues!A84 -> Sedative Filling | B84: =[1]SourceValues!B84 -> D2940 | Z84: =SUM(W84:Y84) -> 0 | AA84: =[1]SourceValues!C84 -> 1.09 | AB84: =[1]SourceValues!D84 -> 0.353269 | AC84: =[1]SourceValues!E84 -> 11.449448
... A90: =[1]SourceValues!A90 -> Radiograph-bitwing X 1 | B90: =[1]SourceValues!B90 -> D0220 | Z90: =SUM(W90:Y90) -> 0 | AA90: =[1]SourceValues!C90 -> 0.29 | AB90: =[1]SourceValues!D90 -> 0.093989 | AC90: =[1]SourceValues!E90 -> 3.0461835
A91: =[1]SourceValues!A91 -> Radiograph-bitwing X 2 | B91: =[1]SourceValues!B91 -> D0272 | W91: =SUM(W73:W90) -> 0 | X91: =SUM(X73:X90) -> 0 | Y91: =SUM(Y73:Y90) -> 0 | Z91: =SUM(W91:Y91) -> 0 | AA91: =[1]SourceValues!C91 -> 0.45 | AB91: =[1]SourceValues!D91 -> 0.145845 | AC91: =[1]SourceValues!E91 -> 4.7268364
A92: =SourceValues!A5 -> Dental
B93: Code
A94: Patient Seating (Encounter) | B94: W9999 | W94: =SUM(C94:N94) -> 0 | X94: =SUM(O94:T94) -> 0 | Y94: =SUM(U94:V94) -> 0 | Z94: =SUM(W94:Y94) -> 0 | AD94: =Z94*AC94 -> 0
A95: Periodic oral evaluation – established patient | B95: D0120 | W95: =SUM(C95:N95) -> 0 | X95: =SUM(O95:T95) -> 0 | Y95: =SUM(U95:V95) -> 0 | Z95: =SUM(W95:Y95) -> 0 | AA95: =VLOOKUP(B95,SourceValues!$B$6:$E$88,2,FALSE) -> 0.62 | AB95: =VLOOKUP(B95,SourceValues!$B$6:$E$88,3,FALSE) -> 0.717402 | AC95: =VLOOKUP(B95,SourceValues!$B$6:$E$88,4,FALSE) -> 71.74 | AD95: =Z95*AC95 -> 0
A96: Limited oral evaluation – problem focused | B96: D0140 | W96: =SUM(C96:N96) -> 0 | X96: =SUM(O96:T96) -> 0 | Y96: =SUM(U96:V96) -> 0 | Z96: =SUM(W96:Y96) -> 0 | AA96: =VLOOKUP(B96,SourceValues!$B$6:$E$88,2,FALSE) -> 0.93 | AB96: =VLOOKUP(B96,SourceValues!$B$6:$E$88,3,FALSE) -> 1.076103 | AC96: =VLOOKUP(B96,SourceValues!$B$6:$E$88,4,FALSE) -> 107.61 | AD96: =Z96*AC96 -> 0
A97: Oral evaluation for a patient under three years of age and counseling with primary caregiver | B97: D0145 | AA97: =VLOOKUP(B97,SourceValues!$B$6:$E$88,2,FALSE) -> 0.91 | AB97: =VLOOKUP(B97,SourceValues!$B$6:$E$88,3,FALSE) -> 1.052961 | AC97: =VLOOKUP(B97,SourceValues!$B$6:$E$88,4,FALSE) -> 105.3 | AD97: =Z97*AC97 -> 0
A98: Comprehensive oral evaluation – new or established patient | B98: D0150 | W98: =SUM(C98:N98) -> 0 | X98: =SUM(O98:T98) -> 0 | Y98: =SUM(U98:V98) -> 0 | Z98: =SUM(W98:Y98) -> 0 | AA98: =VLOOKUP(B98,SourceValues!$B$6:$E$88,2,FALSE) -> 1.05 | AB98: =VLOOKUP(B98,SourceValues!$B$6:$E$88,3,FALSE) -> 1.214955 | AC98: =VLOOKUP(B98,SourceValues!$B$6:$E$88,4,FALSE) -> 121.5 | AD98: =Z98*AC98 -> 0
A99: Detailed and extensive oral evaluation – problem focused, by report | B99: D0160 | W99: =SUM(C99:N99) -> 0 | X99: =SUM(O99:T99) -> 0 | Y99: =SUM(U99:V99) -> 0 | Z99: =SUM(W99:Y99) -> 0 | AA99: =VLOOKUP(B99,SourceValues!$B$6:$E$88,2,FALSE) -> 1.58 | AB99: =VLOOKUP(B99,SourceValues!$B$6:$E$88,3,FALSE) -> 1.828218 | AC99: =VLOOKUP(B99,SourceValues!$B$6:$E$88,4,FALSE) -> 182.82 | AD99: =Z99*AC99 -> 0
A100: Re‐evaluation – post-operative office visit | B100: D0171 | W100: =SUM(C100:N100) -> 0 | X100: =SUM(O100:T100) -> 0 | Y100: =SUM(U100:V100) -> 0 | Z100: =SUM(W100:Y100) -> 0 | AA100: =VLOOKUP(B100,SourceValues!$B$6:$E$88,2,FALSE) -> 0.75 | AB100: =VLOOKUP(B100,SourceValues!$B$6:$E$88,3,FALSE) -> 0.867825 | AC100: =VLOOKUP(B100,SourceValues!$B$6:$E$88,4,FALSE) -> 86.78 | AD100: =Z100*AC100 -> 0
A101: Screening of a patient | B101: D0190 | W101: =SUM(C101:N101) -> 0 | X101: =SUM(O101:T101) -> 0 | Y101: =SUM(U101:V101) -> 0 | Z101: =SUM(W101:Y101) -> 0 | AA101: =VLOOKUP(B101,SourceValues!$B$6:$E$88,2,FALSE) -> 0.5 | AB101: =VLOOKUP(B101,SourceValues!$B$6:$E$88,3,FALSE) -> 0.57855 | AC101: =VLOOKUP(B101,SourceValues!$B$6:$E$88,4,FALSE) -> 57.86 | AD101: =Z101*AC101 -> 0
A102: Intraoral - comprehensive series of radiographic images | B102: D0210 | W102: =SUM(C102:N102) -> 0 | X102: =SUM(O102:T102) -> 0 | Y102: =SUM(U102:V102) -> 0 | Z102: =SUM(W102:Y102) -> 0 | AA102: =VLOOKUP(B102,SourceValues!$B$6:$E$88,2,FALSE) -> 1.64 | AB102: =VLOOKUP(B102,SourceValues!$B$6:$E$88,3,FALSE) -> 1.897644 | AC102: =VLOOKUP(B102,SourceValues!$B$6:$E$88,4,FALSE) -> 189.77 | AD102: =Z102*AC102 -> 0
A103: Intraoral – periapical first radiographic image | B103: D0220 | W103: =SUM(C103:N103) -> 0 | X103: =SUM(O103:T103) -> 0 | Y103: =SUM(U103:V103) -> 0 | Z103: =SUM(W103:Y103) -> 0 | AA103: =VLOOKUP(B103,SourceValues!$B$6:$E$88,2,FALSE) -> 0.36 | AB103: =VLOOKUP(B103,SourceValues!$B$6:$E$88,3,FALSE) -> 0.416556 | AC103: =VLOOKUP(B103,SourceValues!$B$6:$E$88,4,FALSE) -> 41.66 | AD103: =Z103*AC103 -> 0
A104: Intraoral – periapical each additional radiographic image | B104: D0230 | W104: =SUM(C104:N104) -> 0 | X104: =SUM(O104:T104) -> 0 | Y104: =SUM(U104:V104) -> 0 | Z104: =SUM(W104:Y104) -> 0 | AA104: =VLOOKUP(B104,SourceValues!$B$6:$E$88,2,FALSE) -> 0.3 | AB104: =VLOOKUP(B104,SourceValues!$B$6:$E$88,3,FALSE) -> 0.34713 | AC104: =VLOOKUP(B104,SourceValues!$B$6:$E$88,4,FALSE) -> 34.71 | AD104: =Z104*AC104 -> 0
A105: Intraoral – occlusal radiographic image | B105: D0240 | W105: =SUM(C105:N105) -> 0 | X105: =SUM(O105:T105) -> 0 | Y105: =SUM(U105:V105) -> 0 | Z105: =SUM(W105:Y105) -> 0 | AA105: =VLOOKUP(B105,SourceValues!$B$6:$E$88,2,FALSE) -> 0.44 | AB105: =VLOOKUP(B105,SourceValues!$B$6:$E$88,3,FALSE) -> 0.509124 | AC105: =VLOOKUP(B105,SourceValues!$B$6:$E$88,4,FALSE) -> 50.91 | AD105: =Z105*AC105 -> 0
A106: Bitewing – single radiographic image | B106: D0270 | W106: =SUM(C106:N106) -> 0 | X106: =SUM(O106:T106) -> 0 | Y106: =SUM(U106:V106) -> 0 | Z106: =SUM(W106:Y106) -> 0 | AA106: =VLOOKUP(B106,SourceValues!$B$6:$E$88,2,FALSE) -> 0.37 | AB106: =VLOOKUP(B106,SourceValues!$B$6:$E$88,3,FALSE) -> 0.428127 | AC106: =VLOOKUP(B106,SourceValues!$B$6:$E$88,4,FALSE) -> 42.81 | AD106: =Z106*AC106 -> 0
A107: Bitewings – two radiographic images | B107: D0272 | W107: =SUM(C107:N107) -> 0 | X107: =SUM(O107:T107) -> 0 | Y107: =SUM(U107:V107) -> 0 | Z107: =SUM(W107:Y107) -> 0 | AA107: =VLOOKUP(B107,SourceValues!$B$6:$E$88,2,FALSE) -> 0.55 | AB107: =VLOOKUP(B107,SourceValues!$B$6:$E$88,3,FALSE) -> 0.636405 | AC107: =VLOOKUP(B107,SourceValues!$B$6:$E$88,4,FALSE) -> 63.64 | AD107: =Z107*AC107 -> 0
A108: Bitewings – three radiographic images | B108: D0273 | W108: =SUM(C108:N108) -> 0 | X108: =SUM(O108:T108) -> 0 | Y108: =SUM(U108:V108) -> 0 | Z108: =SUM(W108:Y108) -> 0 | AA108: =VLOOKUP(B108,SourceValues!$B$6:$E$88,2,FALSE) -> 0.63 | AB108: =VLOOKUP(B108,SourceValues!$B$6:$E$88,3,FALSE) -> 0.728973 | AC108: =VLOOKUP(B108,SourceValues!$B$6:$E$88,4,FALSE) -> 72.9 | AD108: =Z108*AC108 -> 0
A109: Bitewings – four radiographic images | B109: D0274 | W109: =SUM(C109:N109) -> 0 | X109: =SUM(O109:T109) -> 0 | Y109: =SUM(U109:V109) -> 0 | Z109: =SUM(W109:Y109) -> 0 | AA109: =VLOOKUP(B109,SourceValues!$B$6:$E$88,2,FALSE) -> 0.76 | AB109: =VLOOKUP(B109,SourceValues!$B$6:$E$88,3,FALSE) -> 0.879396 | AC109: =VLOOKUP(B109,SourceValues!$B$6:$E$88,4,FALSE) -> 87.94 | AD109: =Z109*AC109 -> 0
... A168: Palliative treatment of dental pain - per visit | B168: D9110 | W168: =SUM(C168:N168) -> 0 | X168: =SUM(O168:T168) -> 0 | Y168: =SUM(U168:V168) -> 0 | Z168: =SUM(W168:Y168) -> 0 | AA168: =VLOOKUP(B168,SourceValues!$B$6:$E$88,2,FALSE) -> 1.38 | AB168: =VLOOKUP(B168,SourceValues!$B$6:$E$88,3,FALSE) -> 1.596798 | AC168: =VLOOKUP(B168,SourceValues!$B$6:$E$88,4,FALSE) -> 159.68 | AD168: =Z168*AC168 -> 0
A169: Regional block anesthesia | B169: D9211 | W169: =SUM(C169:N169) -> 0 | X169: =SUM(O169:T169) -> 0 | Y169: =SUM(U169:V169) -> 0 | Z169: =SUM(W169:Y169) -> 0 | AA169: =VLOOKUP(B169,SourceValues!$B$6:$E$88,2,FALSE) -> 0.62 | AB169: =VLOOKUP(B169,SourceValues!$B$6:$E$88,3,FALSE) -> 0.717402 | AC169: =VLOOKUP(B169,SourceValues!$B$6:$E$88,4,FALSE) -> 71.74 | AD169: =Z169*AC169 -> 0 | AE169: Total Cleanings (Daily) | AF169: Grand Total Cleanings
A170: Local anesthesia in conjunction with operative or surgical procedures | B170: D9215 | W170: =SUM(C170:N170) -> 0 | X170: =SUM(O170:T170) -> 0 | Y170: =SUM(U170:V170) -> 0 | Z170: =SUM(W170:Y170) -> 0 | AA170: =VLOOKUP(B170,SourceValues!$B$6:$E$88,2,FALSE) -> 0.39 | AB170: =VLOOKUP(B170,SourceValues!$B$6:$E$88,3,FALSE) -> 0.451269 | AC170: =VLOOKUP(B170,SourceValues!$B$6:$E$88,4,FALSE) -> 45.13 | AD170: =Z170*AC170 -> 0 | AE170: =SUM(Z112,Z113,Z147) -> 0 | AF170: =SUM(AE170,'Day4'!AF170) -> 0
A171: Consultation – diagnostic service provided by dentist or physician other than requesting dentist or physician | B171: D9310 | W171: =SUM(C171:N171) -> 0 | X171: =SUM(O171:T171) -> 0 | Y171: =SUM(U171:V171) -> 0 | Z171: =SUM(W171:Y171) -> 0 | AA171: =VLOOKUP(B171,SourceValues!$B$6:$E$88,2,FALSE) -> 1.47 | AB171: =VLOOKUP(B171,SourceValues!$B$6:$E$88,3,FALSE) -> 1.700937 | AC171: =VLOOKUP(B171,SourceValues!$B$6:$E$88,4,FALSE) -> 170.1 | AD171: =Z171*AC171 -> 0 | AE171: Total Fillings (Daily) | AF171: Grand Total Fillings
A172: Drugs or medicaments dispensed in the office for home use | B172: D9630 | W172: =SUM(C172:N172) -> 0 | X172: =SUM(O172:T172) -> 0 | Y172: =SUM(U172:V172) -> 0 | Z172: =SUM(W172:Y172) -> 0 | AA172: =VLOOKUP(B172,SourceValues!$B$6:$E$88,2,FALSE) -> 0.34 | AB172: =VLOOKUP(B172,SourceValues!$B$6:$E$88,3,FALSE) -> 0.393414 | AC172: =VLOOKUP(B172,SourceValues!$B$6:$E$88,4,FALSE) -> 39.34 | AD172: =Z172*AC172 -> 0 | AE172: =SUM(Z122:Z138) -> 0 | AF172: =SUM(AE172,'Day4'!AF172) -> 0
A173: Application of desensitizing medicament | B173: D9910 | W173: =SUM(C173:N173) -> 0 | X173: =SUM(O173:T173) -> 0 | Y173: =SUM(U173:V173) -> 0 | Z173: =SUM(W173:Y173) -> 0 | AA173: =VLOOKUP(B173,SourceValues!$B$6:$E$88,2,FALSE) -> 0.66 | AB173: =VLOOKUP(B173,SourceValues!$B$6:$E$88,3,FALSE) -> 0.763686 | AC173: =VLOOKUP(B173,SourceValues!$B$6:$E$88,4,FALSE) -> 76.37 | AD173: =Z173*AC173 -> 0 | AE173: Total Extractions (Daily) | AF173: Grand Total Extractions
A174: Treatment of complications (post–surgical) – unusual circumstances, by report | B174: D9930 | W174: =SUM(C174:N174) -> 0 | X174: =SUM(O174:T174) -> 0 | Y174: =SUM(U174:V174) -> 0 | Z174: =SUM(W174:Y174) -> 0 | AA174: =VLOOKUP(B174,SourceValues!$B$6:$E$88,2,FALSE) -> 1.27 | AB174: =VLOOKUP(B174,SourceValues!$B$6:$E$88,3,FALSE) -> 1.469517 | AC174: =VLOOKUP(B174,SourceValues!$B$6:$E$88,4,FALSE) -> 146.95 | AD174: =Z174*AC174 -> 0 | AE174: =SUM(Z154:Z159) -> 0 | AF174: =SUM(AE174,'Day4'!AF174) -> 0
A175: Occlusal adjustment – limited | B175: D9951 | W175: =SUM(C175:N175) -> 0 | X175: =SUM(O175:T175) -> 0 | Y175: =SUM(U175:V175) -> 0 | Z175: =SUM(W175:Y175) -> 0 | AA175: =VLOOKUP(B175,SourceValues!$B$6:$E$88,2,FALSE) -> 1.47 | AB175: =VLOOKUP(B175,SourceValues!$B$6:$E$88,3,FALSE) -> 1.700937 | AC175: =VLOOKUP(B175,SourceValues!$B$6:$E$88,4,FALSE) -> 170.1 | AD175: =Z175*AC175 -> 0 | AE175: Mission Total Procedures
A176: Unspecified adjunctive procedure, by report | B176: D9999 | W176: =SUM(C176:N176) -> 0 | X176: =SUM(O176:T176) -> 0 | Y176: =SUM(U176:V176) -> 0 | Z176: =SUM(W176:Y176) -> 0 | AA176: =VLOOKUP(B176,SourceValues!$B$6:$E$88,2,FALSE) -> 0 | AB176: =VLOOKUP(B176,SourceValues!$B$6:$E$88,3,FALSE) -> 0 | AC176: =VLOOKUP(B176,SourceValues!$B$6:$E$88,4,FALSE) -> 0 | AD176: =Z176*AC176 -> 0 | AE176: =Z177+'Day4'!AE176 -> 0
A177: Total Dental | C177: =SUM(C96:C156) -> 0 | D177: =SUM(D96:D156) -> 0 | E177: 0 | F177: =SUM(F96:F156) -> 0 | N177: =SUM(N96:N156) -> 0 | S177: =SUM(S96:S156) -> 0 | W177: =SUM(W95:W176) -> 0 | X177: =SUM(X95:X176) -> 0 | Y177: =SUM(Y95:Y176) -> 0 | Z177: =SUM(Z95:Z176) -> 0 | AA177: - | AB177: - | AC177: - | AD177: =SUM(AD94:AD176) -> 0 | AE177: Mission Total Patients
A178: Grand Total | AD178: =AD177+'Day4'!AD178 -> 0 | AE178: =Z94+'Day4'!AE178 -> 0

Sheet Day6
A1: Date: | B1: 45806
A2: Operational Workload, Utilizing Relative Value Units (RVUs)
A3: Exercise: | B3: IRT FY25 Puerto Rico
A4: Site Location: | W4: Total Procedures: | Y4: =Z178 -> 0 | AC4: CY2024 RVU Conversion Factor Medical: | AD4: =SourceValues!E5 -> 115.71
A5: Procedure | B5: CPT | C5: Provider | D5: Provider | E5: Provider | F5: Provider | G5: Provider | H5: Provider | I5: Provider | J5: Provider | K5: Provider | L5: Provider | M5: Provider | N5: Provider | O5: Provider | P5: Provider | Q5: Provider | R5: Provider | S5: Provider | T5: Provider | U5: Provider | V5: Provider | W5: =ProjectDetails!B35 -> USNR | X5: =ProjectDetails!B36 -> AFRC | Y5: USPHS | Z5: Total Procedures | AA5: Worked RVU | AB5: Non-Facility RVU | AC5: Global Value | AD5: Total Value
A6: Medical
A7: =[1]SourceValues!A7 -> Outpt visit - prob focused - physician - 20 min | B7: =[1]SourceValues!B7 -> 99202 | Z7: =SUM(W7:Y7) -> 0 | AA7: =[1]SourceValues!C7 -> 0.93 | AB7: =[1]SourceValues!D7 -> 2.14 | AC7: =[1]SourceValues!E7 -> 69.3574
A8: =[1]SourceValues!A8 -> Outpt visit - prob focused - physician - 30 min | B8: =[1]SourceValues!B8 -> 99203 | Z8: =SUM(W8:Y8) -> 0 | AA8: =[1]SourceValues!C8 -> 1.42 | AB8: =[1]SourceValues!D8 -> 3.03 | AC8: =[1]SourceValues!E8 -> 98.2023
A9: =[1]SourceValues!A9 -> Outpt visit - prob focused - physician - 45 min | B9: =[1]SourceValues!B9 -> 99204 | Z9: =SUM(W9:Y9) -> 0 | AA9: =[1]SourceValues!C9 -> 2.43 | AB9: =[1]SourceValues!D9 -> 4.63 | AC9: =[1]SourceValues!E9 -> 150.0583
A10: =[1]SourceValues!A10 -> Cerumen evacuation | B10: =[1]SourceValues!B10 -> 69210 | Z10: =SUM(W10:Y10) -> 0 | AA10: =[1]SourceValues!C10 -> 0.61 | AB10: =[1]SourceValues!D10 -> 1.36 | AC10: =[1]SourceValues!E10 -> 44.0776
A11: =[1]SourceValues!A11 -> Counseling, prev med , 15 min | B11: =[1]SourceValues!B11 -> 99401 | Z11: =SUM(W11:Y11) -> 0 | AA11: =[1]SourceValues!C11 -> 0.48 | AB11: =[1]SourceValues!D11 -> 1.12 | AC11: =[1]SourceValues!E11 -> 36.2992
A12: =[1]SourceValues!A12 -> Counseling, prev med, 30 min | B12: =[1]SourceValues!B12 -> 99402 | Z12: =SUM(W12:Y12) -> 0 | AA12: =[1]SourceValues!C12 -> 0.98 | AB12: =[1]SourceValues!D12 -> 1.85 | AC12: =[1]SourceValues!E12 -> 59.9585
A13: =[1]SourceValues!A13 -> Counseling, smoking cessation, < 10 min | B13: =[1]SourceValues!B13 -> 99406 | Z13: =SUM(W13:Y13) -> 0 | AA13: =[1]SourceValues!C13 -> 0.24 | AB13: =[1]SourceValues!D13 -> 0.43 | AC13: =[1]SourceValues!E13 -> 13.9363
A14: =[1]SourceValues!A14 -> Counseling, smoking cessation, > 10 min | B14: =[1]SourceValues!B14 -> 99407 | Z14: =SUM(W14:Y14) -> 0 | AA14: =[1]SourceValues!C14 -> 0.5 | AB14: =[1]SourceValues!D14 -> 0.82 | AC14: =[1]SourceValues!E14 -> 26.5762
A15: =[1]SourceValues!A15 -> Multi-System complaint | B15: =[1]SourceValues!B15 -> 99214 | Z15: =SUM(W15:Y15) -> 0 | AA15: =[1]SourceValues!C15 -> 1.5 | AB15: =[1]SourceValues!D15 -> 3.06 | AC15: =[1]SourceValues!E15 -> 99.1746
A16: =[1]SourceValues!A16 -> Regular office visit | B16: =[1]SourceValues!B16 -> 99213 | Z16: =SUM(W16:Y16) -> 0 | AA16: =[1]SourceValues!C16 -> 0.97 | AB16: =[1]SourceValues!D16 -> 2.09 | AC16: =[1]SourceValues!E16 -> 67.7369
A17: =[1]SourceValues!A17 -> Wellness Visit under 1yr New PT | B17: =[1]SourceValues!B17 -> 99381 | Z17: =SUM(W17:Y17) -> 0 | AA17: =[1]SourceValues!C17 -> 1.5 | AB17: =[1]SourceValues!D17 -> 3.06 | AC17: =[1]SourceValues!E17 -> 99.1746
A18: =[1]SourceValues!A18 -> Wellness Visit 1-4 yrs new PT | B18: =[1]SourceValues!B18 -> 99382 | Z18: =SUM(W18:Y18) -> 0 | AA18: =[1]SourceValues!C18 -> 1.6 | AB18: =[1]SourceValues!D18 -> 3.28 | AC18: =[1]SourceValues!E18 -> 106.3048
... A55: =[1]SourceValues!A55 -> #REF! | B55: =[1]SourceValues!B55 -> #REF! | Z55: =SUM(W55:Y55) -> 0 | AA55: =[1]SourceValues!C55 -> #REF! | AB55: =[1]SourceValues!D55 -> #REF! | AC55: =[1]SourceValues!E55 -> 0
A56: =[1]SourceValues!A56 -> #REF! | B56: =[1]SourceValues!B56 -> #REF! | W56: =SUM(W7:W55) -> 0 | X56: =SUM(X7:X55) -> 0 | Y56: =SUM(Y7:Y55) -> 0 | Z56: =SUM(W56:Y56) -> 0 | AA56: =[1]SourceValues!C56 -> #REF! | AB56: =[1]SourceValues!D56 -> #REF! | AC56: =[1]SourceValues!E56 -> 0
A57: =[1]SourceValues!A57 -> Total Eye
A58: =[1]SourceValues!A58 -> Dental | B58: =[1]SourceValues!B58 -> #REF! | Z58: =SUM(W58:Y58) -> 0 | AA58: =[1]SourceValues!C58 -> #REF! | AB58: =[1]SourceValues!D58 -> #REF! | AC58: =[1]SourceValues!E58 -> #REF!
A59: =[1]SourceValues!A59 -> Limited oral evaluation | B59: =[1]SourceValues!B59 -> D0140 | Z59: =SUM(W59:Y59) -> 0 | AA59: =[1]SourceValues!C59 -> 0.75 | AB59: =[1]SourceValues!D59 -> 0.243075 | AC59: =[1]SourceValues!E59 -> 7.8780607
A60: =[1]SourceValues!A60 -> Comprehensive oral evaluation | B60: =[1]SourceValues!B60 -> D0150 | Z60: =SUM(W60:Y60) -> 0 | AA60: =[1]SourceValues!C60 -> 0.84 | AB60: =[1]SourceValues!D60 -> 0.272244 | AC60: =[1]SourceValues!E60 -> 8.823428
A61: =[1]SourceValues!A61 -> Detailed/extensive oral evaluation(oral cancer screening) | B61: =[1]SourceValues!B61 -> D0160 | Z61: =SUM(W61:Y61) -> 0 | AA61: =[1]SourceValues!C61 -> 1.38 | AB61: =[1]SourceValues!D61 -> 0.447258 | AC61: =[1]SourceValues!E61 -> 14.495632
A62: =[1]SourceValues!A62 -> Extraction, coronal rem - deciduous tooth | B62: =[1]SourceValues!B62 -> D7111 | Z62: =SUM(W62:Y62) -> 0 | AA62: =[1]SourceValues!C62 -> 1.17 | AB62: =[1]SourceValues!D62 -> 0.379197 | AC62: =[1]SourceValues!E62 -> 12.289775
A63: =[1]SourceValues!A63 -> Extraction, single tooth | B63: =[1]SourceValues!B63 -> D7140 | Z63: =SUM(W63:Y63) -> 0 | AA63: =[1]SourceValues!C63 -> 1.63 | AB63: =[1]SourceValues!D63 -> 0.528283 | AC63: =[1]SourceValues!E63 -> 17.121652
A64: =[1]SourceValues!A64 -> Surgical removal of erupted tooth | B64: =[1]SourceValues!B64 -> D7210 | Z64: =SUM(W64:Y64) -> 0 | AA64: =[1]SourceValues!C64 -> 2.76 | AB64: =[1]SourceValues!D64 -> 0.894516 | AC64: =[1]SourceValues!E64 -> 28.991264
A65: =[1]SourceValues!A65 -> Ext impacted tooth soft tissue | B65: =[1]SourceValues!B65 -> D7220 | Z65: =SUM(W65:Y65) -> 0 | AA65: =[1]SourceValues!C65 -> 3.26 | AB65: =[1]SourceValues!D65 -> 1.056566 | AC65: =[1]SourceValues!E65 -> 34.243304
A66: =[1]SourceValues!A66 -> Ext impacted tooth partial bony | B66: =[1]SourceValues!B66 -> D7230 | Z66: =SUM(W66:Y66) -> 0 | AA66: =[1]SourceValues!C66 -> 4.09 | AB66: =[1]SourceValues!D66 -> 1.325569 | AC66: =[1]SourceValues!E66 -> 42.961691
A67: =[1]SourceValues!A67 -> Ext impacted tooth comp bony | B67: =[1]SourceValues!B67 -> D7240 | Z67: =SUM(W67:Y67) -> 0 | AA67: =[1]SourceValues!C67 -> 4.84 | AB67: =[1]SourceValues!D67 -> 1.568644 | AC67: =[1]SourceValues!E67 -> 50.839752
A68: =[1]SourceValues!A68 -> Surgical removal of residual roots | B68: =[1]SourceValues!B68 -> D7250 | Z68: =SUM(W68:Y68) -> 0 | AA68: =[1]SourceValues!C68 -> 2.9 | AB68: =[1]SourceValues!D68 -> 0.93989 | AC68: =[1]SourceValues!E68 -> 30.461835
A69: =[1]SourceValues!A69 -> Alveoloplasty in conjunction with extractions-four or more teeth | B69: =[1]SourceValues!B69 -> D7310 | Z69: =SUM(W69:Y69) -> 0 | AA69: =[1]SourceValues!C69 -> 2.7 | AB69: =[1]SourceValues!D69 -> 0.87507 | AC69: =[1]SourceValues!E69 -> 28.361019
A70: =[1]SourceValues!A70 -> Alveoloplasty in conjunction with extractions-one to three teeth | B70: =[1]SourceValues!B70 -> D7311 | Z70: =SUM(W70:Y70) -> 0 | AA70: =[1]SourceValues!C70 -> 2.32 | AB70: =[1]SourceValues!D70 -> 0.751912 | AC70: =[1]SourceValues!E70 -> 24.369468
A71: =[1]SourceValues!A71 -> Cleaning of teeth | B71: =[1]SourceValues!B71 -> D1110 | W71: =SUM(W58:W70) -> 0 | X71: =SUM(X58:X70) -> 0 | Y71: =SUM(Y58:Y70) -> 0 | Z71: =SUM(W71:Y71) -> 0 | AA71: =[1]SourceValues!C71 -> 0.89 | AB71: =[1]SourceValues!D71 -> 0.288449 | AC71: =[1]SourceValues!E71 -> 9.3486321
A72: =[1]SourceValues!A72 -> Amalgam Filling-1 surface
A73: =[1]SourceValues!A73 -> Amalgam Filling-2 surface | B73: =[1]SourceValues!B73 -> D2150 | Z73: =SUM(W73:Y73) -> 0 | AA73: =[1]SourceValues!C73 -> 1.6 | AB73: =[1]SourceValues!D73 -> 0.51856 | AC73: =[1]SourceValues!E73 -> 16.80653
A74: =[1]SourceValues!A74 -> Amalgam Filling-3 surface | B74: =[1]SourceValues!B74 -> D2160 | Z74: =SUM(W74:Y74) -> 0 | AA74: =[1]SourceValues!C74 -> 1.95 | AB74: =[1]SourceValues!D74 -> 0.631995 | AC74: =[1]SourceValues!E74 -> 20.482958
A75: =[1]SourceValues!A75 -> Amalgam Filling-4 surface | B75: =[1]SourceValues!B75 -> D2161 | Z75: =SUM(W75:Y75) -> 0 | AA75: =[1]SourceValues!C75 -> 2.29 | AB75: =[1]SourceValues!D75 -> 0.742189 | AC75: =[1]SourceValues!E75 -> 24.054345
A76: =[1]SourceValues!A76 -> Composite Filling Anterior-1 surface | B76: =[1]SourceValues!B76 -> D2330 | Z76: =SUM(W76:Y76) -> 0 | AA76: =[1]SourceValues!C76 -> 1.55 | AB76: =[1]SourceValues!D76 -> 0.502355 | AC76: =[1]SourceValues!E76 -> 16.281326
A77: =[1]SourceValues!A77 -> Composite Filling Anterior-2 surface | B77: =[1]SourceValues!B77 -> D2331 | Z77: =SUM(W77:Y77) -> 0 | AA77: =[1]SourceValues!C77 -> 1.94 | AB77: =[1]SourceValues!D77 -> 0.628754 | AC77: =[1]SourceValues!E77 -> 20.377917
A78: =[1]SourceValues!A78 -> Composite Filling Anterior-3 surface | B78: =[1]SourceValues!B78 -> D2332 | Z78: =SUM(W78:Y78) -> 0 | AA78: =[1]SourceValues!C78 -> 2.31 | AB78: =[1]SourceValues!D78 -> 0.748671 | AC78: =[1]SourceValues!E78 -> 24.264427
A79: =[1]SourceValues!A79 -> Composite Filling Anterior-4 surface | B79: =[1]SourceValues!B79 -> D2335 | Z79: =SUM(W79:Y79) -> 0 | AA79: =[1]SourceValues!C79 -> 2.81 | AB79: =[1]SourceValues!D79 -> 0.910721 | AC79: =[1]SourceValues!E79 -> 29.516468
A80: =[1]SourceValues!A80 -> Composite Filling Posterior-1 surface | B80: =[1]SourceValues!B80 -> D2391 | Z80: =SUM(W80:Y80) -> 0 | AA80: =[1]SourceValues!C80 -> 1.71 | AB80: =[1]SourceValues!D80 -> 0.554211 | AC80: =[1]SourceValues!E80 -> 17.961979
A81: =[1]SourceValues!A81 -> Composite Filling Posterior-2 surface | B81: =[1]SourceValues!B81 -> D2392 | Z81: =SUM(W81:Y81) -> 0 | AA81: =[1]SourceValues!C81 -> 2.19 | AB81: =[1]SourceValues!D81 -> 0.709779 | AC81: =[1]SourceValues!E81 -> 23.003937
A82: =[1]SourceValues!A82 -> Composite Filling Posterior-3 surface | B82: =[1]SourceValues!B82 -> D2393 | Z82: =SUM(W82:Y82) -> 0 | AA82: =[1]SourceValues!C82 -> 2.64 | AB82: =[1]SourceValues!D82 -> 0.855624 | AC82: =[1]SourceValues!E82 -> 27.730774
A83: =[1]SourceValues!A83 -> Composite Filling Posterior-4 surface | B83: =[1]SourceValues!B83 -> D2394 | Z83: =SUM(W83:Y83) -> 0 | AA83: =[1]SourceValues!C83 -> 3.09 | AB83: =[1]SourceValues!D83 -> 1.001469 | AC83: =[1]SourceValues!E83 -> 32.45761
A84: =[1]SourceValues!A84 -> Sedative Filling | B84: =[1]SourceValues!B84 -> D2940 | Z84: =SUM(W84:Y84) -> 0 | AA84: =[1]SourceValues!C84 -> 1.09 | AB84: =[1]SourceValues!D84 -> 0.353269 | AC84: =[1]SourceValues!E84 -> 11.449448
... A90: =[1]SourceValues!A90 -> Radiograph-bitwing X 1 | B90: =[1]SourceValues!B90 -> D0220 | Z90: =SUM(W90:Y90) -> 0 | AA90: =[1]SourceValues!C90 -> 0.29 | AB90: =[1]SourceValues!D90 -> 0.093989 | AC90: =[1]SourceValues!E90 -> 3.0461835
A91: =[1]SourceValues!A91 -> Radiograph-bitwing X 2 | B91: =[1]SourceValues!B91 -> D0272 | W91: =SUM(W73:W90) -> 0 | X91: =SUM(X73:X90) -> 0 | Y91: =SUM(Y73:Y90) -> 0 | Z91: =SUM(W91:Y91) -> 0 | AA91: =[1]SourceValues!C91 -> 0.45 | AB91: =[1]SourceValues!D91 -> 0.145845 | AC91: =[1]SourceValues!E91 -> 4.7268364
A92: =SourceValues!A5 -> Dental
B93: Code
A94: Patient Seating (Encounter) | B94: W9999 | W94: =SUM(C94:N94) -> 0 | X94: =SUM(O94:T94) -> 0 | Y94: =SUM(U94:V94) -> 0 | Z94: =SUM(W94:Y94) -> 0 | AD94: =Z94*AC94 -> 0
A95: Periodic oral evaluation – established patient | B95: D0120 | W95: =SUM(C95:N95) -> 0 | X95: =SUM(O95:T95) -> 0 | Y95: =SUM(U95:V95) -> 0 | Z95: =SUM(W95:Y95) -> 0 | AA95: =VLOOKUP(B95,SourceValues!$B$6:$E$88,2,FALSE) -> 0.62 | AB95: =VLOOKUP(B95,SourceValues!$B$6:$E$88,3,FALSE) -> 0.717402 | AC95: =VLOOKUP(B95,SourceValues!$B$6:$E$88,4,FALSE) -> 71.74 | AD95: =Z95*AC95 -> 0
A96: Limited oral evaluation – problem focused | B96: D0140 | W96: =SUM(C96:N96) -> 0 | X96: =SUM(O96:T96) -> 0 | Y96: =SUM(U96:V96) -> 0 | Z96: =SUM(W96:Y96) -> 0 | AA96: =VLOOKUP(B96,SourceValues!$B$6:$E$88,2,FALSE) -> 0.93 | AB96: =VLOOKUP(B96,SourceValues!$B$6:$E$88,3,FALSE) -> 1.076103 | AC96: =VLOOKUP(B96,SourceValues!$B$6:$E$88,4,FALSE) -> 107.61 | AD96: =Z96*AC96 -> 0
A97: Oral evaluation for a patient under three years of age and counseling with primary caregiver | B97: D0145 | AA97: =VLOOKUP(B97,SourceValues!$B$6:$E$88,2,FALSE) -> 0.91 | AB97: =VLOOKUP(B97,SourceValues!$B$6:$E$88,3,FALSE) -> 1.052961 | AC97: =VLOOKUP(B97,SourceValues!$B$6:$E$88,4,FALSE) -> 105.3 | AD97: =Z97*AC97 -> 0
A98: Comprehensive oral evaluation – new or established patient | B98: D0150 | W98: =SUM(C98:N98) -> 0 | X98: =SUM(O98:T98) -> 0 | Y98: =SUM(U98:V98) -> 0 | Z98: =SUM(W98:Y98) -> 0 | AA98: =VLOOKUP(B98,SourceValues!$B$6:$E$88,2,FALSE) -> 1.05 | AB98: =VLOOKUP(B98,SourceValues!$B$6:$E$88,3,FALSE) -> 1.214955 | AC98: =VLOOKUP(B98,SourceValues!$B$6:$E$88,4,FALSE) -> 121.5 | AD98: =Z98*AC98 -> 0
A99: Detailed and extensive oral evaluation – problem focused, by report | B99: D0160 | W99: =SUM(C99:N99) -> 0 | X99: =SUM(O99:T99) -> 0 | Y99: =SUM(U99:V99) -> 0 | Z99: =SUM(W99:Y99) -> 0 | AA99: =VLOOKUP(B99,SourceValues!$B$6:$E$88,2,FALSE) -> 1.58 | AB99: =VLOOKUP(B99,SourceValues!$B$6:$E$88,3,FALSE) -> 1.828218 | AC99: =VLOOKUP(B99,SourceValues!$B$6:$E$88,4,FALSE) -> 182.82 | AD99: =Z99*AC99 -> 0
A100: Re‐evaluation – post-operative office visit | B100: D0171 | W100: =SUM(C100:N100) -> 0 | X100: =SUM(O100:T100) -> 0 | Y100: =SUM(U100:V100) -> 0 | Z100: =SUM(W100:Y100) -> 0 | AA100: =VLOOKUP(B100,SourceValues!$B$6:$E$88,2,FALSE) -> 0.75 | AB100: =VLOOKUP(B100,SourceValues!$B$6:$E$88,3,FALSE) -> 0.867825 | AC100: =VLOOKUP(B100,SourceValues!$B$6:$E$88,4,FALSE) -> 86.78 | AD100: =Z100*AC100 -> 0
A101: Screening of a patient | B101: D0190 | W101: =SUM(C101:N101) -> 0 | X101: =SUM(O101:T101) -> 0 | Y101: =SUM(U101:V101) -> 0 | Z101: =SUM(W101:Y101) -> 0 | AA101: =VLOOKUP(B101,SourceValues!$B$6:$E$88,2,FALSE) -> 0.5 | AB101: =VLOOKUP(B101,SourceValues!$B$6:$E$88,3,FALSE) -> 0.57855 | AC101: =VLOOKUP(B101,SourceValues!$B$6:$E$88,4,FALSE) -> 57.86 | AD101: =Z101*AC101 -> 0
A102: Intraoral - comprehensive series of radiographic images | B102: D0210 | W102: =SUM(C102:N102) -> 0 | X102: =SUM(O102:T102) -> 0 | Y102: =SUM(U102:V102) -> 0 | Z102: =SUM(W102:Y102) -> 0 | AA102: =VLOOKUP(B102,SourceValues!$B$6:$E$88,2,FALSE) -> 1.64 | AB102: =VLOOKUP(B102,SourceValues!$B$6:$E$88,3,FALSE) -> 1.897644 | AC102: =VLOOKUP(B102,SourceValues!$B$6:$E$88,4,FALSE) -> 189.77 | AD102: =Z102*AC102 -> 0
A103: Intraoral – periapical first radiographic image | B103: D0220 | W103: =SUM(C103:N103) -> 0 | X103: =SUM(O103:T103) -> 0 | Y103: =SUM(U103:V103) -> 0 | Z103: =SUM(W103:Y103) -> 0 | AA103: =VLOOKUP(B103,SourceValues!$B$6:$E$88,2,FALSE) -> 0.36 | AB103: =VLOOKUP(B103,SourceValues!$B$6:$E$88,3,FALSE) -> 0.416556 | AC103: =VLOOKUP(B103,SourceValues!$B$6:$E$88,4,FALSE) -> 41.66 | AD103: =Z103*AC103 -> 0
A104: Intraoral – periapical each additional radiographic image | B104: D0230 | W104: =SUM(C104:N104) -> 0 | X104: =SUM(O104:T104) -> 0 | Y104: =SUM(U104:V104) -> 0 | Z104: =SUM(W104:Y104) -> 0 | AA104: =VLOOKUP(B104,SourceValues!$B$6:$E$88,2,FALSE) -> 0.3 | AB104: =VLOOKUP(B104,SourceValues!$B$6:$E$88,3,FALSE) -> 0.34713 | AC104: =VLOOKUP(B104,SourceValues!$B$6:$E$88,4,FALSE) -> 34.71 | AD104: =Z104*AC104 -> 0
A105: Intraoral – occlusal radiographic image | B105: D0240 | W105: =SUM(C105:N105) -> 0 | X105: =SUM(O105:T105) -> 0 | Y105: =SUM(U105:V105) -> 0 | Z105: =SUM(W105:Y105) -> 0 | AA105: =VLOOKUP(B105,SourceValues!$B$6:$E$88,2,FALSE) -> 0.44 | AB105: =VLOOKUP(B105,SourceValues!$B$6:$E$88,3,FALSE) -> 0.509124 | AC105: =VLOOKUP(B105,SourceValues!$B$6:$E$88,4,FALSE) -> 50.91 | AD105: =Z105*AC105 -> 0
A106: Bitewing – single radiographic image | B106: D0270 | W106: =SUM(C106:N106) -> 0 | X106: =SUM(O106:T106) -> 0 | Y106: =SUM(U106:V106) -> 0 | Z106: =SUM(W106:Y106) -> 0 | AA106: =VLOOKUP(B106,SourceValues!$B$6:$E$88,2,FALSE) -> 0.37 | AB106: =VLOOKUP(B106,SourceValues!$B$6:$E$88,3,FALSE) -> 0.428127 | AC106: =VLOOKUP(B106,SourceValues!$B$6:$E$88,4,FALSE) -> 42.81 | AD106: =Z106*AC106 -> 0
A107: Bitewings – two radiographic images | B107: D0272 | W107: =SUM(C107:N107) -> 0 | X107: =SUM(O107:T107) -> 0 | Y107: =SUM(U107:V107) -> 0 | Z107: =SUM(W107:Y107) -> 0 | AA107: =VLOOKUP(B107,SourceValues!$B$6:$E$88,2,FALSE) -> 0.55 | AB107: =VLOOKUP(B107,SourceValues!$B$6:$E$88,3,FALSE) -> 0.636405 | AC107: =VLOOKUP(B107,SourceValues!$B$6:$E$88,4,FALSE) -> 63.64 | AD107: =Z107*AC107 -> 0
A108: Bitewings – three radiographic images | B108: D0273 | W108: =SUM(C108:N108) -> 0 | X108: =SUM(O108:T108) -> 0 | Y108: =SUM(U108:V108) -> 0 | Z108: =SUM(W108:Y108) -> 0 | AA108: =VLOOKUP(B108,SourceValues!$B$6:$E$88,2,FALSE) -> 0.63 | AB108: =VLOOKUP(B108,SourceValues!$B$6:$E$88,3,FALSE) -> 0.728973 | AC108: =VLOOKUP(B108,SourceValues!$B$6:$E$88,4,FALSE) -> 72.9 | AD108: =Z108*AC108 -> 0
A109: Bitewings – four radiographic images | B109: D0274 | W109: =SUM(C109:N109) -> 0 | X109: =SUM(O109:T109) -> 0 | Y109: =SUM(U109:V109) -> 0 | Z109: =SUM(W109:Y109) -> 0 | AA109: =VLOOKUP(B109,SourceValues!$B$6:$E$88,2,FALSE) -> 0.76 | AB109: =VLOOKUP(B109,SourceValues!$B$6:$E$88,3,FALSE) -> 0.879396 | AC109: =VLOOKUP(B109,SourceValues!$B$6:$E$88,4,FALSE) -> 87.94 | AD109: =Z109*AC109 -> 0
... A168: Palliative treatment of dental pain - per visit | B168: D9110 | W168: =SUM(C168:N168) -> 0 | X168: =SUM(O168:T168) -> 0 | Y168: =SUM(U168:V168) -> 0 | Z168: =SUM(W168:Y168) -> 0 | AA168: =VLOOKUP(B168,SourceValues!$B$6:$E$88,2,FALSE) -> 1.38 | AB168: =VLOOKUP(B168,SourceValues!$B$6:$E$88,3,FALSE) -> 1.596798 | AC168: =VLOOKUP(B168,SourceValues!$B$6:$E$88,4,FALSE) -> 159.68 | AD168: =Z168*AC168 -> 0
A169: Regional block anesthesia | B169: D9211 | W169: =SUM(C169:N169) -> 0 | X169: =SUM(O169:T169) -> 0 | Y169: =SUM(U169:V169) -> 0 | Z169: =SUM(W169:Y169) -> 0 | AA169: =VLOOKUP(B169,SourceValues!$B$6:$E$88,2,FALSE) -> 0.62 | AB169: =VLOOKUP(B169,SourceValues!$B$6:$E$88,3,FALSE) -> 0.717402 | AC169: =VLOOKUP(B169,SourceValues!$B$6:$E$88,4,FALSE) -> 71.74 | AD169: =Z169*AC169 -> 0 | AE169: Total Cleanings (Daily) | AF169: Grand Total Cleanings
A170: Local anesthesia in conjunction with operative or surgical procedures | B170: D9215 | W170: =SUM(C170:N170) -> 0 | X170: =SUM(O170:T170) -> 0 | Y170: =SUM(U170:V170) -> 0 | Z170: =SUM(W170:Y170) -> 0 | AA170: =VLOOKUP(B170,SourceValues!$B$6:$E$88,2,FALSE) -> 0.39 | AB170: =VLOOKUP(B170,SourceValues!$B$6:$E$88,3,FALSE) -> 0.451269 | AC170: =VLOOKUP(B170,SourceValues!$B$6:$E$88,4,FALSE) -> 45.13 | AD170: =Z170*AC170 -> 0 | AE170: =SUM(Z112,Z113,Z147) -> 0 | AF170: =SUM(AE170,'Day5'!AF170) -> 0
A171: Consultation – diagnostic service provided by dentist or physician other than requesting dentist or physician | B171: D9310 | W171: =SUM(C171:N171) -> 0 | X171: =SUM(O171:T171) -> 0 | Y171: =SUM(U171:V171) -> 0 | Z171: =SUM(W171:Y171) -> 0 | AA171: =VLOOKUP(B171,SourceValues!$B$6:$E$88,2,FALSE) -> 1.47 | AB171: =VLOOKUP(B171,SourceValues!$B$6:$E$88,3,FALSE) -> 1.700937 | AC171: =VLOOKUP(B171,SourceValues!$B$6:$E$88,4,FALSE) -> 170.1 | AD171: =Z171*AC171 -> 0 | AE171: Total Fillings (Daily) | AF171: Grand Total Fillings
A172: Drugs or medicaments dispensed in the office for home use | B172: D9630 | W172: =SUM(C172:N172) -> 0 | X172: =SUM(O172:T172) -> 0 | Y172: =SUM(U172:V172) -> 0 | Z172: =SUM(W172:Y172) -> 0 | AA172: =VLOOKUP(B172,SourceValues!$B$6:$E$88,2,FALSE) -> 0.34 | AB172: =VLOOKUP(B172,SourceValues!$B$6:$E$88,3,FALSE) -> 0.393414 | AC172: =VLOOKUP(B172,SourceValues!$B$6:$E$88,4,FALSE) -> 39.34 | AD172: =Z172*AC172 -> 0 | AE172: =SUM(Z122:Z138) -> 0 | AF172: =SUM(AE172,'Day5'!AF172) -> 0
A173: Application of desensitizing medicament | B173: D9910 | W173: =SUM(C173:N173) -> 0 | X173: =SUM(O173:T173) -> 0 | Y173: =SUM(U173:V173) -> 0 | Z173: =SUM(W173:Y173) -> 0 | AA173: =VLOOKUP(B173,SourceValues!$B$6:$E$88,2,FALSE) -> 0.66 | AB173: =VLOOKUP(B173,SourceValues!$B$6:$E$88,3,FALSE) -> 0.763686 | AC173: =VLOOKUP(B173,SourceValues!$B$6:$E$88,4,FALSE) -> 76.37 | AD173: =Z173*AC173 -> 0 | AE173: Total Extractions (Daily) | AF173: Grand Total Extractions
A174: Treatment of complications (post–surgical) – unusual circumstances, by report | B174: D9930 | W174: =SUM(C174:N174) -> 0 | X174: =SUM(O174:T174) -> 0 | Y174: =SUM(U174:V174) -> 0 | Z174: =SUM(W174:Y174) -> 0 | AA174: =VLOOKUP(B174,SourceValues!$B$6:$E$88,2,FALSE) -> 1.27 | AB174: =VLOOKUP(B174,SourceValues!$B$6:$E$88,3,FALSE) -> 1.469517 | AC174: =VLOOKUP(B174,SourceValues!$B$6:$E$88,4,FALSE) -> 146.95 | AD174: =Z174*AC174 -> 0 | AE174: =SUM(Z154:Z159) -> 0 | AF174: =SUM(AE174,'Day5'!AF174) -> 0
A175: Occlusal adjustment – limited | B175: D9951 | W175: =SUM(C175:N175) -> 0 | X175: =SUM(O175:T175) -> 0 | Y175: =SUM(U175:V175) -> 0 | Z175: =SUM(W175:Y175) -> 0 | AA175: =VLOOKUP(B175,SourceValues!$B$6:$E$88,2,FALSE) -> 1.47 | AB175: =VLOOKUP(B175,SourceValues!$B$6:$E$88,3,FALSE) -> 1.700937 | AC175: =VLOOKUP(B175,SourceValues!$B$6:$E$88,4,FALSE) -> 170.1 | AD175: =Z175*AC175 -> 0 | AE175: Mission Total Procedures
A176: Unspecified adjunctive procedure, by report | B176: D9999 | W176: =SUM(C176:N176) -> 0 | X176: =SUM(O176:T176) -> 0 | Y176: =SUM(U176:V176) -> 0 | Z176: =SUM(W176:Y176) -> 0 | AA176: =VLOOKUP(B176,SourceValues!$B$6:$E$88,2,FALSE) -> 0 | AB176: =VLOOKUP(B176,SourceValues!$B$6:$E$88,3,FALSE) -> 0 | AC176: =VLOOKUP(B176,SourceValues!$B$6:$E$88,4,FALSE) -> 0 | AD176: =Z176*AC176 -> 0 | AE176: =Z177+'Day5'!AE176 -> 0
A177: Total Dental | C177: =SUM(C96:C156) -> 0 | D177: =SUM(D96:D156) -> 0 | E177: 0 | F177: =SUM(F96:F156) -> 0 | N177: =SUM(N96:N156) -> 0 | S177: =SUM(S96:S156) -> 0 | W177: =SUM(W95:W176) -> 0 | X177: =SUM(X95:X176) -> 0 | Y177: =SUM(Y95:Y176) -> 0 | Z177: =SUM(Z95:Z176) -> 0 | AA177: - | AB177: - | AC177: - | AD177: =SUM(AD94:AD176) -> 0 | AE177: Mission Total Patients
A178: Grand Total | AD178: =AD177+'Day5'!AD178 -> 0 | AE178: =Z94+'Day5'!AE178 -> 0

Sheet Day7
A1: Date: | B1: 45806
A2: Operational Workload, Utilizing Relative Value Units (RVUs)
A3: Exercise: | B3: IRT FY25 Puerto Rico
A4: Site Location: | W4: Total Procedures: | Y4: =Z178 -> 0 | AC4: CY2024 RVU Conversion Factor Medical: | AD4: =SourceValues!E5 -> 115.71
A5: Procedure | B5: CPT | C5: Provider | D5: Provider | E5: Provider | F5: Provider | G5: Provider | H5: Provider | I5: Provider | J5: Provider | K5: Provider | L5: Provider | M5: Provider | N5: Provider | O5: Provider | P5: Provider | Q5: Provider | R5: Provider | S5: Provider | T5: Provider | U5: Provider | V5: Provider | W5: =ProjectDetails!B35 -> USNR | X5: =ProjectDetails!B36 -> AFRC | Y5: USPHS | Z5: Total Procedures | AA5: Worked RVU | AB5: Non-Facility RVU | AC5: Global Value | AD5: Total Value
A6: Medical
A7: =[1]SourceValues!A7 -> Outpt visit - prob focused - physician - 20 min | B7: =[1]SourceValues!B7 -> 99202 | Z7: =SUM(W7:Y7) -> 0 | AA7: =[1]SourceValues!C7 -> 0.93 | AB7: =[1]SourceValues!D7 -> 2.14 | AC7: =[1]SourceValues!E7 -> 69.3574
A8: =[1]SourceValues!A8 -> Outpt visit - prob focused - physician - 30 min | B8: =[1]SourceValues!B8 -> 99203 | Z8: =SUM(W8:Y8) -> 0 | AA8: =[1]SourceValues!C8 -> 1.42 | AB8: =[1]SourceValues!D8 -> 3.03 | AC8: =[1]SourceValues!E8 -> 98.2023
A9: =[1]SourceValues!A9 -> Outpt visit - prob focused - physician - 45 min | B9: =[1]SourceValues!B9 -> 99204 | Z9: =SUM(W9:Y9) -> 0 | AA9: =[1]SourceValues!C9 -> 2.43 | AB9: =[1]SourceValues!D9 -> 4.63 | AC9: =[1]SourceValues!E9 -> 150.0583
A10: =[1]SourceValues!A10 -> Cerumen evacuation | B10: =[1]SourceValues!B10 -> 69210 | Z10: =SUM(W10:Y10) -> 0 | AA10: =[1]SourceValues!C10 -> 0.61 | AB10: =[1]SourceValues!D10 -> 1.36 | AC10: =[1]SourceValues!E10 -> 44.0776
A11: =[1]SourceValues!A11 -> Counseling, prev med , 15 min | B11: =[1]SourceValues!B11 -> 99401 | Z11: =SUM(W11:Y11) -> 0 | AA11: =[1]SourceValues!C11 -> 0.48 | AB11: =[1]SourceValues!D11 -> 1.12 | AC11: =[1]SourceValues!E11 -> 36.2992
A12: =[1]SourceValues!A12 -> Counseling, prev med, 30 min | B12: =[1]SourceValues!B12 -> 99402 | Z12: =SUM(W12:Y12) -> 0 | AA12: =[1]SourceValues!C12 -> 0.98 | AB12: =[1]SourceValues!D12 -> 1.85 | AC12: =[1]SourceValues!E12 -> 59.9585
A13: =[1]SourceValues!A13 -> Counseling, smoking cessation, < 10 min | B13: =[1]SourceValues!B13 -> 99406 | Z13: =SUM(W13:Y13) -> 0 | AA13: =[1]SourceValues!C13 -> 0.24 | AB13: =[1]SourceValues!D13 -> 0.43 | AC13: =[1]SourceValues!E13 -> 13.9363
A14: =[1]SourceValues!A14 -> Counseling, smoking cessation, > 10 min | B14: =[1]SourceValues!B14 -> 99407 | Z14: =SUM(W14:Y14) -> 0 | AA14: =[1]SourceValues!C14 -> 0.5 | AB14: =[1]SourceValues!D14 -> 0.82 | AC14: =[1]SourceValues!E14 -> 26.5762
A15: =[1]SourceValues!A15 -> Multi-System complaint | B15: =[1]SourceValues!B15 -> 99214 | Z15: =SUM(W15:Y15) -> 0 | AA15: =[1]SourceValues!C15 -> 1.5 | AB15: =[1]SourceValues!D15 -> 3.06 | AC15: =[1]SourceValues!E15 -> 99.1746
A16: =[1]SourceValues!A16 -> Regular office visit | B16: =[1]SourceValues!B16 -> 99213 | Z16: =SUM(W16:Y16) -> 0 | AA16: =[1]SourceValues!C16 -> 0.97 | AB16: =[1]SourceValues!D16 -> 2.09 | AC16: =[1]SourceValues!E16 -> 67.7369
A17: =[1]SourceValues!A17 -> Wellness Visit under 1yr New PT | B17: =[1]SourceValues!B17 -> 99381 | Z17: =SUM(W17:Y17) -> 0 | AA17: =[1]SourceValues!C17 -> 1.5 | AB17: =[1]SourceValues!D17 -> 3.06 | AC17: =[1]SourceValues!E17 -> 99.1746
A18: =[1]SourceValues!A18 -> Wellness Visit 1-4 yrs new PT | B18: =[1]SourceValues!B18 -> 99382 | Z18: =SUM(W18:Y18) -> 0 | AA18: =[1]SourceValues!C18 -> 1.6 | AB18: =[1]SourceValues!D18 -> 3.28 | AC18: =[1]SourceValues!E18 -> 106.3048
... A55: =[1]SourceValues!A55 -> #REF! | B55: =[1]SourceValues!B55 -> #REF! | Z55: =SUM(W55:Y55) -> 0 | AA55: =[1]SourceValues!C55 -> #REF! | AB55: =[1]SourceValues!D55 -> #REF! | AC55: =[1]SourceValues!E55 -> 0
A56: =[1]SourceValues!A56 -> #REF! | B56: =[1]SourceValues!B56 -> #REF! | W56: =SUM(W7:W55) -> 0 | X56: =SUM(X7:X55) -> 0 | Y56: =SUM(Y7:Y55) -> 0 | Z56: =SUM(W56:Y56) -> 0 | AA56: =[1]SourceValues!C56 -> #REF! | AB56: =[1]SourceValues!D56 -> #REF! | AC56: =[1]SourceValues!E56 -> 0
A57: =[1]SourceValues!A57 -> Total Eye
A58: =[1]SourceValues!A58 -> Dental | B58: =[1]SourceValues!B58 -> #REF! | Z58: =SUM(W58:Y58) -> 0 | AA58: =[1]SourceValues!C58 -> #REF! | AB58: =[1]SourceValues!D58 -> #REF! | AC58: =[1]SourceValues!E58 -> #REF!
A59: =[1]SourceValues!A59 -> Limited oral evaluation | B59: =[1]SourceValues!B59 -> D0140 | Z59: =SUM(W59:Y59) -> 0 | AA59: =[1]SourceValues!C59 -> 0.75 | AB59: =[1]SourceValues!D59 -> 0.243075 | AC59: =[1]SourceValues!E59 -> 7.8780607
A60: =[1]SourceValues!A60 -> Comprehensive oral evaluation | B60: =[1]SourceValues!B60 -> D0150 | Z60: =SUM(W60:Y60) -> 0 | AA60: =[1]SourceValues!C60 -> 0.84 | AB60: =[1]SourceValues!D60 -> 0.272244 | AC60: =[1]SourceValues!E60 -> 8.823428
A61: =[1]SourceValues!A61 -> Detailed/extensive oral evaluation(oral cancer screening) | B61: =[1]SourceValues!B61 -> D0160 | Z61: =SUM(W61:Y61) -> 0 | AA61: =[1]SourceValues!C61 -> 1.38 | AB61: =[1]SourceValues!D61 -> 0.447258 | AC61: =[1]SourceValues!E61 -> 14.495632
A62: =[1]SourceValues!A62 -> Extraction, coronal rem - deciduous tooth | B62: =[1]SourceValues!B62 -> D7111 | Z62: =SUM(W62:Y62) -> 0 | AA62: =[1]SourceValues!C62 -> 1.17 | AB62: =[1]SourceValues!D62 -> 0.379197 | AC62: =[1]SourceValues!E62 -> 12.289775
A63: =[1]SourceValues!A63 -> Extraction, single tooth | B63: =[1]SourceValues!B63 -> D7140 | Z63: =SUM(W63:Y63) -> 0 | AA63: =[1]SourceValues!C63 -> 1.63 | AB63: =[1]SourceValues!D63 -> 0.528283 | AC63: =[1]SourceValues!E63 -> 17.121652
A64: =[1]SourceValues!A64 -> Surgical removal of erupted tooth | B64: =[1]SourceValues!B64 -> D7210 | Z64: =SUM(W64:Y64) -> 0 | AA64: =[1]SourceValues!C64 -> 2.76 | AB64: =[1]SourceValues!D64 -> 0.894516 | AC64: =[1]SourceValues!E64 -> 28.991264
A65: =[1]SourceValues!A65 -> Ext impacted tooth soft tissue | B65: =[1]SourceValues!B65 -> D7220 | Z65: =SUM(W65:Y65) -> 0 | AA65: =[1]SourceValues!C65 -> 3.26 | AB65: =[1]SourceValues!D65 -> 1.056566 | AC65: =[1]SourceValues!E65 -> 34.243304
A66: =[1]SourceValues!A66 -> Ext impacted tooth partial bony | B66: =[1]SourceValues!B66 -> D7230 | Z66: =SUM(W66:Y66) -> 0 | AA66: =[1]SourceValues!C66 -> 4.09 | AB66: =[1]SourceValues!D66 -> 1.325569 | AC66: =[1]SourceValues!E66 -> 42.961691
A67: =[1]SourceValues!A67 -> Ext impacted tooth comp bony | B67: =[1]SourceValues!B67 -> D7240 | Z67: =SUM(W67:Y67) -> 0 | AA67: =[1]SourceValues!C67 -> 4.84 | AB67: =[1]SourceValues!D67 -> 1.568644 | AC67: =[1]SourceValues!E67 -> 50.839752
A68: =[1]SourceValues!A68 -> Surgical removal of residual roots | B68: =[1]SourceValues!B68 -> D7250 | Z68: =SUM(W68:Y68) -> 0 | AA68: =[1]SourceValues!C68 -> 2.9 | AB68: =[1]SourceValues!D68 -> 0.93989 | AC68: =[1]SourceValues!E68 -> 30.461835
A69: =[1]SourceValues!A69 -> Alveoloplasty in conjunction with extractions-four or more teeth | B69: =[1]SourceValues!B69 -> D7310 | Z69: =SUM(W69:Y69) -> 0 | AA69: =[1]SourceValues!C69 -> 2.7 | AB69: =[1]SourceValues!D69 -> 0.87507 | AC69: =[1]SourceValues!E69 -> 28.361019
A70: =[1]SourceValues!A70 -> Alveoloplasty in conjunction with extractions-one to three teeth | B70: =[1]SourceValues!B70 -> D7311 | Z70: =SUM(W70:Y70) -> 0 | AA70: =[1]SourceValues!C70 -> 2.32 | AB70: =[1]SourceValues!D70 -> 0.751912 | AC70: =[1]SourceValues!E70 -> 24.369468
A71: =[1]SourceValues!A71 -> Cleaning of teeth | B71: =[1]SourceValues!B71 -> D1110 | W71: =SUM(W58:W70) -> 0 | X71: =SUM(X58:X70) -> 0 | Y71: =SUM(Y58:Y70) -> 0 | Z71: =SUM(W71:Y71) -> 0 | AA71: =[1]SourceValues!C71 -> 0.89 | AB71: =[1]SourceValues!D71 -> 0.288449 | AC71: =[1]SourceValues!E71 -> 9.3486321
A72: =[1]SourceValues!A72 -> Amalgam Filling-1 surface
A73: =[1]SourceValues!A73 -> Amalgam Filling-2 surface | B73: =[1]SourceValues!B73 -> D2150 | Z73: =SUM(W73:Y73) -> 0 | AA73: =[1]SourceValues!C73 -> 1.6 | AB73: =[1]SourceValues!D73 -> 0.51856 | AC73: =[1]SourceValues!E73 -> 16.80653
A74: =[1]SourceValues!A74 -> Amalgam Filling-3 surface | B74: =[1]SourceValues!B74 -> D2160 | Z74: =SUM(W74:Y74) -> 0 | AA74: =[1]SourceValues!C74 -> 1.95 | AB74: =[1]SourceValues!D74 -> 0.631995 | AC74: =[1]SourceValues!E74 -> 20.482958
A75: =[1]SourceValues!A75 -> Amalgam Filling-4 surface | B75: =[1]SourceValues!B75 -> D2161 | Z75: =SUM(W75:Y75) -> 0 | AA75: =[1]SourceValues!C75 -> 2.29 | AB75: =[1]SourceValues!D75 -> 0.742189 | AC75: =[1]SourceValues!E75 -> 24.054345
A76: =[1]SourceValues!A76 -> Composite Filling Anterior-1 surface | B76: =[1]SourceValues!B76 -> D2330 | Z76: =SUM(W76:Y76) -> 0 | AA76: =[1]SourceValues!C76 -> 1.55 | AB76: =[1]SourceValues!D76 -> 0.502355 | AC76: =[1]SourceValues!E76 -> 16.281326
A77: =[1]SourceValues!A77 -> Composite Filling Anterior-2 surface | B77: =[1]SourceValues!B77 -> D2331 | Z77: =SUM(W77:Y77) -> 0 | AA77: =[1]SourceValues!C77 -> 1.94 | AB77: =[1]SourceValues!D77 -> 0.628754 | AC77: =[1]SourceValues!E77 -> 20.377917
A78: =[1]SourceValues!A78 -> Composite Filling Anterior-3 surface | B78: =[1]SourceValues!B78 -> D2332 | Z78: =SUM(W78:Y78) -> 0 | AA78: =[1]SourceValues!C78 -> 2.31 | AB78: =[1]SourceValues!D78 -> 0.748671 | AC78: =[1]SourceValues!E78 -> 24.264427
A79: =[1]SourceValues!A79 -> Composite Filling Anterior-4 surface | B79: =[1]SourceValues!B79 -> D2335 | Z79: =SUM(W79:Y79) -> 0 | AA79: =[1]SourceValues!C79 -> 2.81 | AB79: =[1]SourceValues!D79 -> 0.910721 | AC79: =[1]SourceValues!E79 -> 29.516468
A80: =[1]SourceValues!A80 -> Composite Filling Posterior-1 surface | B80: =[1]SourceValues!B80 -> D2391 | Z80: =SUM(W80:Y80) -> 0 | AA80: =[1]SourceValues!C80 -> 1.71 | AB80: =[1]SourceValues!D80 -> 0.554211 | AC80: =[1]SourceValues!E80 -> 17.961979
A81: =[1]SourceValues!A81 -> Composite Filling Posterior-2 surface | B81: =[1]SourceValues!B81 -> D2392 | Z81: =SUM(W81:Y81) -> 0 | AA81: =[1]SourceValues!C81 -> 2.19 | AB81: =[1]SourceValues!D81 -> 0.709779 | AC81: =[1]SourceValues!E81 -> 23.003937
A82: =[1]SourceValues!A82 -> Composite Filling Posterior-3 surface | B82: =[1]SourceValues!B82 -> D2393 | Z82: =SUM(W82:Y82) -> 0 | AA82: =[1]SourceValues!C82 -> 2.64 | AB82: =[1]SourceValues!D82 -> 0.855624 | AC82: =[1]SourceValues!E82 -> 27.730774
A83: =[1]SourceValues!A83 -> Composite Filling Posterior-4 surface | B83: =[1]SourceValues!B83 -> D2394 | Z83: =SUM(W83:Y83) -> 0 | AA83: =[1]SourceValues!C83 -> 3.09 | AB83: =[1]SourceValues!D83 -> 1.001469 | AC83: =[1]SourceValues!E83 -> 32.45761
A84: =[1]SourceValues!A84 -> Sedative Filling | B84: =[1]SourceValues!B84 -> D2940 | Z84: =SUM(W84:Y84) -> 0 | AA84: =[1]SourceValues!C84 -> 1.09 | AB84: =[1]SourceValues!D84 -> 0.353269 | AC84: =[1]SourceValues!E84 -> 11.449448
... A90: =[1]SourceValues!A90 -> Radiograph-bitwing X 1 | B90: =[1]SourceValues!B90 -> D0220 | Z90: =SUM(W90:Y90) -> 0 | AA90: =[1]SourceValues!C90 -> 0.29 | AB90: =[1]SourceValues!D90 -> 0.093989 | AC90: =[1]SourceValues!E90 -> 3.0461835
A91: =[1]SourceValues!A91 -> Radiograph-bitwing X 2 | B91: =[1]SourceValues!B91 -> D0272 | W91: =SUM(W73:W90) -> 0 | X91: =SUM(X73:X90) -> 0 | Y91: =SUM(Y73:Y90) -> 0 | Z91: =SUM(W91:Y91) -> 0 | AA91: =[1]SourceValues!C91 -> 0.45 | AB91: =[1]SourceValues!D91 -> 0.145845 | AC91: =[1]SourceValues!E91 -> 4.7268364
A92: =SourceValues!A5 -> Dental
B93: Code
A94: Patient Seating (Encounter) | B94: W9999 | W94: =SUM(C94:N94) -> 0 | X94: =SUM(O94:T94) -> 0 | Y94: =SUM(U94:V94) -> 0 | Z94: =SUM(W94:Y94) -> 0 | AD94: =Z94*AC94 -> 0
A95: Periodic oral evaluation – established patient | B95: D0120 | W95: =SUM(C95:N95) -> 0 | X95: =SUM(O95:T95) -> 0 | Y95: =SUM(U95:V95) -> 0 | Z95: =SUM(W95:Y95) -> 0 | AA95: =VLOOKUP(B95,SourceValues!$B$6:$E$88,2,FALSE) -> 0.62 | AB95: =VLOOKUP(B95,SourceValues!$B$6:$E$88,3,FALSE) -> 0.717402 | AC95: =VLOOKUP(B95,SourceValues!$B$6:$E$88,4,FALSE) -> 71.74 | AD95: =Z95*AC95 -> 0
A96: Limited oral evaluation – problem focused | B96: D0140 | W96: =SUM(C96:N96) -> 0 | X96: =SUM(O96:T96) -> 0 | Y96: =SUM(U96:V96) -> 0 | Z96: =SUM(W96:Y96) -> 0 | AA96: =VLOOKUP(B96,SourceValues!$B$6:$E$88,2,FALSE) -> 0.93 | AB96: =VLOOKUP(B96,SourceValues!$B$6:$E$88,3,FALSE) -> 1.076103 | AC96: =VLOOKUP(B96,SourceValues!$B$6:$E$88,4,FALSE) -> 107.61 | AD96: =Z96*AC96 -> 0
A97: Oral evaluation for a patient under three years of age and counseling with primary caregiver | B97: D0145 | AA97: =VLOOKUP(B97,SourceValues!$B$6:$E$88,2,FALSE) -> 0.91 | AB97: =VLOOKUP(B97,SourceValues!$B$6:$E$88,3,FALSE) -> 1.052961 | AC97: =VLOOKUP(B97,SourceValues!$B$6:$E$88,4,FALSE) -> 105.3 | AD97: =Z97*AC97 -> 0
A98: Comprehensive oral evaluation – new or established patient | B98: D0150 | W98: =SUM(C98:N98) -> 0 | X98: =SUM(O98:T98) -> 0 | Y98: =SUM(U98:V98) -> 0 | Z98: =SUM(W98:Y98) -> 0 | AA98: =VLOOKUP(B98,SourceValues!$B$6:$E$88,2,FALSE) -> 1.05 | AB98: =VLOOKUP(B98,SourceValues!$B$6:$E$88,3,FALSE) -> 1.214955 | AC98: =VLOOKUP(B98,SourceValues!$B$6:$E$88,4,FALSE) -> 121.5 | AD98: =Z98*AC98 -> 0
A99: Detailed and extensive oral evaluation – problem focused, by report | B99: D0160 | W99: =SUM(C99:N99) -> 0 | X99: =SUM(O99:T99) -> 0 | Y99: =SUM(U99:V99) -> 0 | Z99: =SUM(W99:Y99) -> 0 | AA99: =VLOOKUP(B99,SourceValues!$B$6:$E$88,2,FALSE) -> 1.58 | AB99: =VLOOKUP(B99,SourceValues!$B$6:$E$88,3,FALSE) -> 1.828218 | AC99: =VLOOKUP(B99,SourceValues!$B$6:$E$88,4,FALSE) -> 182.82 | AD99: =Z99*AC99 -> 0
A100: Re‐evaluation – post-operative office visit | B100: D0171 | W100: =SUM(C100:N100) -> 0 | X100: =SUM(O100:T100) -> 0 | Y100: =SUM(U100:V100) -> 0 | Z100: =SUM(W100:Y100) -> 0 | AA100: =VLOOKUP(B100,SourceValues!$B$6:$E$88,2,FALSE) -> 0.75 | AB100: =VLOOKUP(B100,SourceValues!$B$6:$E$88,3,FALSE) -> 0.867825 | AC100: =VLOOKUP(B100,SourceValues!$B$6:$E$88,4,FALSE) -> 86.78 | AD100: =Z100*AC100 -> 0
A101: Screening of a patient | B101: D0190 | W101: =SUM(C101:N101) -> 0 | X101: =SUM(O101:T101) -> 0 | Y101: =SUM(U101:V101) -> 0 | Z101: =SUM(W101:Y101) -> 0 | AA101: =VLOOKUP(B101,SourceValues!$B$6:$E$88,2,FALSE) -> 0.5 | AB101: =VLOOKUP(B101,SourceValues!$B$6:$E$88,3,FALSE) -> 0.57855 | AC101: =VLOOKUP(B101,SourceValues!$B$6:$E$88,4,FALSE) -> 57.86 | AD101: =Z101*AC101 -> 0
A102: Intraoral - comprehensive series of radiographic images | B102: D0210 | W102: =SUM(C102:N102) -> 0 | X102: =SUM(O102:T102) -> 0 | Y102: =SUM(U102:V102) -> 0 | Z102: =SUM(W102:Y102) -> 0 | AA102: =VLOOKUP(B102,SourceValues!$B$6:$E$88,2,FALSE) -> 1.64 | AB102: =VLOOKUP(B102,SourceValues!$B$6:$E$88,3,FALSE) -> 1.897644 | AC102: =VLOOKUP(B102,SourceValues!$B$6:$E$88,4,FALSE) -> 189.77 | AD102: =Z102*AC102 -> 0
A103: Intraoral – periapical first radiographic image | B103: D0220 | W103: =SUM(C103:N103) -> 0 | X103: =SUM(O103:T103) -> 0 | Y103: =SUM(U103:V103) -> 0 | Z103: =SUM(W103:Y103) -> 0 | AA103: =VLOOKUP(B103,SourceValues!$B$6:$E$88,2,FALSE) -> 0.36 | AB103: =VLOOKUP(B103,SourceValues!$B$6:$E$88,3,FALSE) -> 0.416556 | AC103: =VLOOKUP(B103,SourceValues!$B$6:$E$88,4,FALSE) -> 41.66 | AD103: =Z103*AC103 -> 0
A104: Intraoral – periapical each additional radiographic image | B104: D0230 | W104: =SUM(C104:N104) -> 0 | X104: =SUM(O104:T104) -> 0 | Y104: =SUM(U104:V104) -> 0 | Z104: =SUM(W104:Y104) -> 0 | AA104: =VLOOKUP(B104,SourceValues!$B$6:$E$88,2,FALSE) -> 0.3 | AB104: =VLOOKUP(B104,SourceValues!$B$6:$E$88,3,FALSE) -> 0.34713 | AC104: =VLOOKUP(B104,SourceValues!$B$6:$E$88,4,FALSE) -> 34.71 | AD104: =Z104*AC104 -> 0
A105: Intraoral – occlusal radiographic image | B105: D0240 | W105: =SUM(C105:N105) -> 0 | X105: =SUM(O105:T105) -> 0 | Y105: =SUM(U105:V105) -> 0 | Z105: =SUM(W105:Y105) -> 0 | AA105: =VLOOKUP(B105,SourceValues!$B$6:$E$88,2,FALSE) -> 0.44 | AB105: =VLOOKUP(B105,SourceValues!$B$6:$E$88,3,FALSE) -> 0.509124 | AC105: =VLOOKUP(B105,SourceValues!$B$6:$E$88,4,FALSE) -> 50.91 | AD105: =Z105*AC105 -> 0
A106: Bitewing – single radiographic image | B106: D0270 | W106: =SUM(C106:N106) -> 0 | X106: =SUM(O106:T106) -> 0 | Y106: =SUM(U106:V106) -> 0 | Z106: =SUM(W106:Y106) -> 0 | AA106: =VLOOKUP(B106,SourceValues!$B$6:$E$88,2,FALSE) -> 0.37 | AB106: =VLOOKUP(B106,SourceValues!$B$6:$E$88,3,FALSE) -> 0.428127 | AC106: =VLOOKUP(B106,SourceValues!$B$6:$E$88,4,FALSE) -> 42.81 | AD106: =Z106*AC106 -> 0
A107: Bitewings – two radiographic images | B107: D0272 | W107: =SUM(C107:N107) -> 0 | X107: =SUM(O107:T107) -> 0 | Y107: =SUM(U107:V107) -> 0 | Z107: =SUM(W107:Y107) -> 0 | AA107: =VLOOKUP(B107,SourceValues!$B$6:$E$88,2,FALSE) -> 0.55 | AB107: =VLOOKUP(B107,SourceValues!$B$6:$E$88,3,FALSE) -> 0.636405 | AC107: =VLOOKUP(B107,SourceValues!$B$6:$E$88,4,FALSE) -> 63.64 | AD107: =Z107*AC107 -> 0
A108: Bitewings – three radiographic images | B108: D0273 | W108: =SUM(C108:N108) -> 0 | X108: =SUM(O108:T108) -> 0 | Y108: =SUM(U108:V108) -> 0 | Z108: =SUM(W108:Y108) -> 0 | AA108: =VLOOKUP(B108,SourceValues!$B$6:$E$88,2,FALSE) -> 0.63 | AB108: =VLOOKUP(B108,SourceValues!$B$6:$E$88,3,FALSE) -> 0.728973 | AC108: =VLOOKUP(B108,SourceValues!$B$6:$E$88,4,FALSE) -> 72.9 | AD108: =Z108*AC108 -> 0
A109: Bitewings – four radiographic images | B109: D0274 | W109: =SUM(C109:N109) -> 0 | X109: =SUM(O109:T109) -> 0 | Y109: =SUM(U109:V109) -> 0 | Z109: =SUM(W109:Y109) -> 0 | AA109: =VLOOKUP(B109,SourceValues!$B$6:$E$88,2,FALSE) -> 0.76 | AB109: =VLOOKUP(B109,SourceValues!$B$6:$E$88,3,FALSE) -> 0.879396 | AC109: =VLOOKUP(B109,SourceValues!$B$6:$E$88,4,FALSE) -> 87.94 | AD109: =Z109*AC109 -> 0
... A168: Palliative treatment of dental pain - per visit | B168: D9110 | W168: =SUM(C168:N168) -> 0 | X168: =SUM(O168:T168) -> 0 | Y168: =SUM(U168:V168) -> 0 | Z168: =SUM(W168:Y168) -> 0 | AA168: =VLOOKUP(B168,SourceValues!$B$6:$E$88,2,FALSE) -> 1.38 | AB168: =VLOOKUP(B168,SourceValues!$B$6:$E$88,3,FALSE) -> 1.596798 | AC168: =VLOOKUP(B168,SourceValues!$B$6:$E$88,4,FALSE) -> 159.68 | AD168: =Z168*AC168 -> 0
A169: Regional block anesthesia | B169: D9211 | W169: =SUM(C169:N169) -> 0 | X169: =SUM(O169:T169) -> 0 | Y169: =SUM(U169:V169) -> 0 | Z169: =SUM(W169:Y169) -> 0 | AA169: =VLOOKUP(B169,SourceValues!$B$6:$E$88,2,FALSE) -> 0.62 | AB169: =VLOOKUP(B169,SourceValues!$B$6:$E$88,3,FALSE) -> 0.717402 | AC169: =VLOOKUP(B169,SourceValues!$B$6:$E$88,4,FALSE) -> 71.74 | AD169: =Z169*AC169 -> 0 | AE169: Total Cleanings (Daily) | AF169: Grand Total Cleanings
A170: Local anesthesia in conjunction with operative or surgical procedures | B170: D9215 | W170: =SUM(C170:N170) -> 0 | X170: =SUM(O170:T170) -> 0 | Y170: =SUM(U170:V170) -> 0 | Z170: =SUM(W170:Y170) -> 0 | AA170: =VLOOKUP(B170,SourceValues!$B$6:$E$88,2,FALSE) -> 0.39 | AB170: =VLOOKUP(B170,SourceValues!$B$6:$E$88,3,FALSE) -> 0.451269 | AC170: =VLOOKUP(B170,SourceValues!$B$6:$E$88,4,FALSE) -> 45.13 | AD170: =Z170*AC170 -> 0 | AE170: =SUM(Z112,Z113,Z147) -> 0 | AF170: =SUM(AE170,'Day6'!AF170) -> 0
A171: Consultation – diagnostic service provided by dentist or physician other than requesting dentist or physician | B171: D9310 | W171: =SUM(C171:N171) -> 0 | X171: =SUM(O171:T171) -> 0 | Y171: =SUM(U171:V171) -> 0 | Z171: =SUM(W171:Y171) -> 0 | AA171: =VLOOKUP(B171,SourceValues!$B$6:$E$88,2,FALSE) -> 1.47 | AB171: =VLOOKUP(B171,SourceValues!$B$6:$E$88,3,FALSE) -> 1.700937 | AC171: =VLOOKUP(B171,SourceValues!$B$6:$E$88,4,FALSE) -> 170.1 | AD171: =Z171*AC171 -> 0 | AE171: Total Fillings (Daily) | AF171: Grand Total Fillings
A172: Drugs or medicaments dispensed in the office for home use | B172: D9630 | W172: =SUM(C172:N172) -> 0 | X172: =SUM(O172:T172) -> 0 | Y172: =SUM(U172:V172) -> 0 | Z172: =SUM(W172:Y172) -> 0 | AA172: =VLOOKUP(B172,SourceValues!$B$6:$E$88,2,FALSE) -> 0.34 | AB172: =VLOOKUP(B172,SourceValues!$B$6:$E$88,3,FALSE) -> 0.393414 | AC172: =VLOOKUP(B172,SourceValues!$B$6:$E$88,4,FALSE) -> 39.34 | AD172: =Z172*AC172 -> 0 | AE172: =SUM(Z122:Z138) -> 0 | AF172: =SUM(AE172,'Day6'!AF172) -> 0
A173: Application of desensitizing medicament | B173: D9910 | W173: =SUM(C173:N173) -> 0 | X173: =SUM(O173:T173) -> 0 | Y173: =SUM(U173:V173) -> 0 | Z173: =SUM(W173:Y173) -> 0 | AA173: =VLOOKUP(B173,SourceValues!$B$6:$E$88,2,FALSE) -> 0.66 | AB173: =VLOOKUP(B173,SourceValues!$B$6:$E$88,3,FALSE) -> 0.763686 | AC173: =VLOOKUP(B173,SourceValues!$B$6:$E$88,4,FALSE) -> 76.37 | AD173: =Z173*AC173 -> 0 | AE173: Total Extractions (Daily) | AF173: Grand Total Extractions
A174: Treatment of complications (post–surgical) – unusual circumstances, by report | B174: D9930 | W174: =SUM(C174:N174) -> 0 | X174: =SUM(O174:T174) -> 0 | Y174: =SUM(U174:V174) -> 0 | Z174: =SUM(W174:Y174) -> 0 | AA174: =VLOOKUP(B174,SourceValues!$B$6:$E$88,2,FALSE) -> 1.27 | AB174: =VLOOKUP(B174,SourceValues!$B$6:$E$88,3,FALSE) -> 1.469517 | AC174: =VLOOKUP(B174,SourceValues!$B$6:$E$88,4,FALSE) -> 146.95 | AD174: =Z174*AC174 -> 0 | AE174: =SUM(Z154:Z159) -> 0 | AF174: =SUM(AE174,'Day6'!AF174) -> 0
A175: Occlusal adjustment – limited | B175: D9951 | W175: =SUM(C175:N175) -> 0 | X175: =SUM(O175:T175) -> 0 | Y175: =SUM(U175:V175) -> 0 | Z175: =SUM(W175:Y175) -> 0 | AA175: =VLOOKUP(B175,SourceValues!$B$6:$E$88,2,FALSE) -> 1.47 | AB175: =VLOOKUP(B175,SourceValues!$B$6:$E$88,3,FALSE) -> 1.700937 | AC175: =VLOOKUP(B175,SourceValues!$B$6:$E$88,4,FALSE) -> 170.1 | AD175: =Z175*AC175 -> 0 | AE175: Mission Total Procedures
A176: Unspecified adjunctive procedure, by report | B176: D9999 | W176: =SUM(C176:N176) -> 0 | X176: =SUM(O176:T176) -> 0 | Y176: =SUM(U176:V176) -> 0 | Z176: =SUM(W176:Y176) -> 0 | AA176: =VLOOKUP(B176,SourceValues!$B$6:$E$88,2,FALSE) -> 0 | AB176: =VLOOKUP(B176,SourceValues!$B$6:$E$88,3,FALSE) -> 0 | AC176: =VLOOKUP(B176,SourceValues!$B$6:$E$88,4,FALSE) -> 0 | AD176: =Z176*AC176 -> 0 | AE176: =Z177+'Day6'!AE176 -> 0
A177: Total Dental | C177: =SUM(C96:C156) -> 0 | D177: =SUM(D96:D156) -> 0 | E177: 0 | F177: =SUM(F96:F156) -> 0 | N177: =SUM(N96:N156) -> 0 | S177: =SUM(S96:S156) -> 0 | W177: =SUM(W95:W176) -> 0 | X177: =SUM(X95:X176) -> 0 | Y177: =SUM(Y95:Y156) -> 0 | Z177: =SUM(Z95:Z176) -> 0 | AA177: - | AB177: - | AC177: - | AD177: =SUM(AD94:AD176) -> 0 | AE177: Mission Total Patients
A178: Grand Total | AD178: =AD177+'Day6'!AD178 -> 0 | AE178: =Z94+'Day6'!AE178 -> 0

Sheet Day8
A1: Date: | B1: 45806
A2: Operational Workload, Utilizing Relative Value Units (RVUs)
A3: Exercise: | B3: IRT FY25 Puerto Rico
A4: Site Location: | W4: Total Procedures: | Y4: =Z178 -> 0 | AC4: CY2024 RVU Conversion Factor Medical: | AD4: =SourceValues!E5 -> 115.71
A5: Procedure | B5: CPT | C5: Provider | D5: Provider | E5: Provider | F5: Provider | G5: Provider | H5: Provider | I5: Provider | J5: Provider | K5: Provider | L5: Provider | M5: Provider | N5: Provider | O5: Provider | P5: Provider | Q5: Provider | R5: Provider | S5: Provider | T5: Provider | U5: Provider | V5: Provider | W5: =ProjectDetails!B35 -> USNR | X5: =ProjectDetails!B36 -> AFRC | Y5: USPHS | Z5: Total Procedures | AA5: Worked RVU | AB5: Non-Facility RVU | AC5: Global Value | AD5: Total Value
A6: Medical
A7: =[1]SourceValues!A7 -> Outpt visit - prob focused - physician - 20 min | B7: =[1]SourceValues!B7 -> 99202 | Z7: =SUM(W7:Y7) -> 0 | AA7: =[1]SourceValues!C7 -> 0.93 | AB7: =[1]SourceValues!D7 -> 2.14 | AC7: =[1]SourceValues!E7 -> 69.3574
A8: =[1]SourceValues!A8 -> Outpt visit - prob focused - physician - 30 min | B8: =[1]SourceValues!B8 -> 99203 | Z8: =SUM(W8:Y8) -> 0 | AA8: =[1]SourceValues!C8 -> 1.42 | AB8: =[1]SourceValues!D8 -> 3.03 | AC8: =[1]SourceValues!E8 -> 98.2023
A9: =[1]SourceValues!A9 -> Outpt visit - prob focused - physician - 45 min | B9: =[1]SourceValues!B9 -> 99204 | Z9: =SUM(W9:Y9) -> 0 | AA9: =[1]SourceValues!C9 -> 2.43 | AB9: =[1]SourceValues!D9 -> 4.63 | AC9: =[1]SourceValues!E9 -> 150.0583
A10: =[1]SourceValues!A10 -> Cerumen evacuation | B10: =[1]SourceValues!B10 -> 69210 | Z10: =SUM(W10:Y10) -> 0 | AA10: =[1]SourceValues!C10 -> 0.61 | AB10: =[1]SourceValues!D10 -> 1.36 | AC10: =[1]SourceValues!E10 -> 44.0776
A11: =[1]SourceValues!A11 -> Counseling, prev med , 15 min | B11: =[1]SourceValues!B11 -> 99401 | Z11: =SUM(W11:Y11) -> 0 | AA11: =[1]SourceValues!C11 -> 0.48 | AB11: =[1]SourceValues!D11 -> 1.12 | AC11: =[1]SourceValues!E11 -> 36.2992
A12: =[1]SourceValues!A12 -> Counseling, prev med, 30 min | B12: =[1]SourceValues!B12 -> 99402 | Z12: =SUM(W12:Y12) -> 0 | AA12: =[1]SourceValues!C12 -> 0.98 | AB12: =[1]SourceValues!D12 -> 1.85 | AC12: =[1]SourceValues!E12 -> 59.9585
A13: =[1]SourceValues!A13 -> Counseling, smoking cessation, < 10 min | B13: =[1]SourceValues!B13 -> 99406 | Z13: =SUM(W13:Y13) -> 0 | AA13: =[1]SourceValues!C13 -> 0.24 | AB13: =[1]SourceValues!D13 -> 0.43 | AC13: =[1]SourceValues!E13 -> 13.9363
A14: =[1]SourceValues!A14 -> Counseling, smoking cessation, > 10 min | B14: =[1]SourceValues!B14 -> 99407 | Z14: =SUM(W14:Y14) -> 0 | AA14: =[1]SourceValues!C14 -> 0.5 | AB14: =[1]SourceValues!D14 -> 0.82 | AC14: =[1]SourceValues!E14 -> 26.5762
A15: =[1]SourceValues!A15 -> Multi-System complaint | B15: =[1]SourceValues!B15 -> 99214 | Z15: =SUM(W15:Y15) -> 0 | AA15: =[1]SourceValues!C15 -> 1.5 | AB15: =[1]SourceValues!D15 -> 3.06 | AC15: =[1]SourceValues!E15 -> 99.1746
A16: =[1]SourceValues!A16 -> Regular office visit | B16: =[1]SourceValues!B16 -> 99213 | Z16: =SUM(W16:Y16) -> 0 | AA16: =[1]SourceValues!C16 -> 0.97 | AB16: =[1]SourceValues!D16 -> 2.09 | AC16: =[1]SourceValues!E16 -> 67.7369
A17: =[1]SourceValues!A17 -> Wellness Visit under 1yr New PT | B17: =[1]SourceValues!B17 -> 99381 | Z17: =SUM(W17:Y17) -> 0 | AA17: =[1]SourceValues!C17 -> 1.5 | AB17: =[1]SourceValues!D17 -> 3.06 | AC17: =[1]SourceValues!E17 -> 99.1746
A18: =[1]SourceValues!A18 -> Wellness Visit 1-4 yrs new PT | B18: =[1]SourceValues!B18 -> 99382 | Z18: =SUM(W18:Y18) -> 0 | AA18: =[1]SourceValues!C18 -> 1.6 | AB18: =[1]SourceValues!D18 -> 3.28 | AC18: =[1]SourceValues!E18 -> 106.3048
... A55: =[1]SourceValues!A55 -> #REF! | B55: =[1]SourceValues!B55 -> #REF! | Z55: =SUM(W55:Y55) -> 0 | AA55: =[1]SourceValues!C55 -> #REF! | AB55: =[1]SourceValues!D55 -> #REF! | AC55: =[1]SourceValues!E55 -> 0
A56: =[1]SourceValues!A56 -> #REF! | B56: =[1]SourceValues!B56 -> #REF! | W56: =SUM(W7:W55) -> 0 | X56: =SUM(X7:X55) -> 0 | Y56: =SUM(Y7:Y55) -> 0 | Z56: =SUM(W56:Y56) -> 0 | AA56: =[1]SourceValues!C56 -> #REF! | AB56: =[1]SourceValues!D56 -> #REF! | AC56: =[1]SourceValues!E56 -> 0
A57: =[1]SourceValues!A57 -> Total Eye
A58: =[1]SourceValues!A58 -> Dental | B58: =[1]SourceValues!B58 -> #REF! | Z58: =SUM(W58:Y58) -> 0 | AA58: =[1]SourceValues!C58 -> #REF! | AB58: =[1]SourceValues!D58 -> #REF! | AC58: =[1]SourceValues!E58 -> #REF!
A59: =[1]SourceValues!A59 -> Limited oral evaluation | B59: =[1]SourceValues!B59 -> D0140 | Z59: =SUM(W59:Y59) -> 0 | AA59: =[1]SourceValues!C59 -> 0.75 | AB59: =[1]SourceValues!D59 -> 0.243075 | AC59: =[1]SourceValues!E59 -> 7.8780607
A60: =[1]SourceValues!A60 -> Comprehensive oral evaluation | B60: =[1]SourceValues!B60 -> D0150 | Z60: =SUM(W60:Y60) -> 0 | AA60: =[1]SourceValues!C60 -> 0.84 | AB60: =[1]SourceValues!D60 -> 0.272244 | AC60: =[1]SourceValues!E60 -> 8.823428
A61: =[1]SourceValues!A61 -> Detailed/extensive oral evaluation(oral cancer screening) | B61: =[1]SourceValues!B61 -> D0160 | Z61: =SUM(W61:Y61) -> 0 | AA61: =[1]SourceValues!C61 -> 1.38 | AB61: =[1]SourceValues!D61 -> 0.447258 | AC61: =[1]SourceValues!E61 -> 14.495632
A62: =[1]SourceValues!A62 -> Extraction, coronal rem - deciduous tooth | B62: =[1]SourceValues!B62 -> D7111 | Z62: =SUM(W62:Y62) -> 0 | AA62: =[1]SourceValues!C62 -> 1.17 | AB62: =[1]SourceValues!D62 -> 0.379197 | AC62: =[1]SourceValues!E62 -> 12.289775
A63: =[1]SourceValues!A63 -> Extraction, single tooth | B63: =[1]SourceValues!B63 -> D7140 | Z63: =SUM(W63:Y63) -> 0 | AA63: =[1]SourceValues!C63 -> 1.63 | AB63: =[1]SourceValues!D63 -> 0.528283 | AC63: =[1]SourceValues!E63 -> 17.121652
A64: =[1]SourceValues!A64 -> Surgical removal of erupted tooth | B64: =[1]SourceValues!B64 -> D7210 | Z64: =SUM(W64:Y64) -> 0 | AA64: =[1]SourceValues!C64 -> 2.76 | AB64: =[1]SourceValues!D64 -> 0.894516 | AC64: =[1]SourceValues!E64 -> 28.991264
A65: =[1]SourceValues!A65 -> Ext impacted tooth soft tissue | B65: =[1]SourceValues!B65 -> D7220 | Z65: =SUM(W65:Y65) -> 0 | AA65: =[1]SourceValues!C65 -> 3.26 | AB65: =[1]SourceValues!D65 -> 1.056566 | AC65: =[1]SourceValues!E65 -> 34.243304
A66: =[1]SourceValues!A66 -> Ext impacted tooth partial bony | B66: =[1]SourceValues!B66 -> D7230 | Z66: =SUM(W66:Y66) -> 0 | AA66: =[1]SourceValues!C66 -> 4.09 | AB66: =[1]SourceValues!D66 -> 1.325569 | AC66: =[1]SourceValues!E66 -> 42.961691
A67: =[1]SourceValues!A67 -> Ext impacted tooth comp bony | B67: =[1]SourceValues!B67 -> D7240 | Z67: =SUM(W67:Y67) -> 0 | AA67: =[1]SourceValues!C67 -> 4.84 | AB67: =[1]SourceValues!D67 -> 1.568644 | AC67: =[1]SourceValues!E67 -> 50.839752
A68: =[1]SourceValues!A68 -> Surgical removal of residual roots | B68: =[1]SourceValues!B68 -> D7250 | Z68: =SUM(W68:Y68) -> 0 | AA68: =[1]SourceValues!C68 -> 2.9 | AB68: =[1]SourceValues!D68 -> 0.93989 | AC68: =[1]SourceValues!E68 -> 30.461835
A69: =[1]SourceValues!A69 -> Alveoloplasty in conjunction with extractions-four or more teeth | B69: =[1]SourceValues!B69 -> D7310 | Z69: =SUM(W69:Y69) -> 0 | AA69: =[1]SourceValues!C69 -> 2.7 | AB69: =[1]SourceValues!D69 -> 0.87507 | AC69: =[1]SourceValues!E69 -> 28.361019
A70: =[1]SourceValues!A70 -> Alveoloplasty in conjunction with extractions-one to three teeth | B70: =[1]SourceValues!B70 -> D7311 | Z70: =SUM(W70:Y70) -> 0 | AA70: =[1]SourceValues!C70 -> 2.32 | AB70: =[1]SourceValues!D70 -> 0.751912 | AC70: =[1]SourceValues!E70 -> 24.369468
A71: =[1]SourceValues!A71 -> Cleaning of teeth | B71: =[1]SourceValues!B71 -> D1110 | W71: =SUM(W58:W70) -> 0 | X71: =SUM(X58:X70) -> 0 | Y71: =SUM(Y58:Y70) -> 0 | Z71: =SUM(W71:Y71) -> 0 | AA71: =[1]SourceValues!C71 -> 0.89 | AB71: =[1]SourceValues!D71 -> 0.288449 | AC71: =[1]SourceValues!E71 -> 9.3486321
A72: =[1]SourceValues!A72 -> Amalgam Filling-1 surface
A73: =[1]SourceValues!A73 -> Amalgam Filling-2 surface | B73: =[1]SourceValues!B73 -> D2150 | Z73: =SUM(W73:Y73) -> 0 | AA73: =[1]SourceValues!C73 -> 1.6 | AB73: =[1]SourceValues!D73 -> 0.51856 | AC73: =[1]SourceValues!E73 -> 16.80653
A74: =[1]SourceValues!A74 -> Amalgam Filling-3 surface | B74: =[1]SourceValues!B74 -> D2160 | Z74: =SUM(W74:Y74) -> 0 | AA74: =[1]SourceValues!C74 -> 1.95 | AB74: =[1]SourceValues!D74 -> 0.631995 | AC74: =[1]SourceValues!E74 -> 20.482958
A75: =[1]SourceValues!A75 -> Amalgam Filling-4 surface | B75: =[1]SourceValues!B75 -> D2161 | Z75: =SUM(W75:Y75) -> 0 | AA75: =[1]SourceValues!C75 -> 2.29 | AB75: =[1]SourceValues!D75 -> 0.742189 | AC75: =[1]SourceValues!E75 -> 24.054345
A76: =[1]SourceValues!A76 -> Composite Filling Anterior-1 surface | B76: =[1]SourceValues!B76 -> D2330 | Z76: =SUM(W76:Y76) -> 0 | AA76: =[1]SourceValues!C76 -> 1.55 | AB76: =[1]SourceValues!D76 -> 0.502355 | AC76: =[1]SourceValues!E76 -> 16.281326
A77: =[1]SourceValues!A77 -> Composite Filling Anterior-2 surface | B77: =[1]SourceValues!B77 -> D2331 | Z77: =SUM(W77:Y77) -> 0 | AA77: =[1]SourceValues!C77 -> 1.94 | AB77: =[1]SourceValues!D77 -> 0.628754 | AC77: =[1]SourceValues!E77 -> 20.377917
A78: =[1]SourceValues!A78 -> Composite Filling Anterior-3 surface | B78: =[1]SourceValues!B78 -> D2332 | Z78: =SUM(W78:Y78) -> 0 | AA78: =[1]SourceValues!C78 -> 2.31 | AB78: =[1]SourceValues!D78 -> 0.748671 | AC78: =[1]SourceValues!E78 -> 24.264427
A79: =[1]SourceValues!A79 -> Composite Filling Anterior-4 surface | B79: =[1]SourceValues!B79 -> D2335 | Z79: =SUM(W79:Y79) -> 0 | AA79: =[1]SourceValues!C79 -> 2.81 | AB79: =[1]SourceValues!D79 -> 0.910721 | AC79: =[1]SourceValues!E79 -> 29.516468
A80: =[1]SourceValues!A80 -> Composite Filling Posterior-1 surface | B80: =[1]SourceValues!B80 -> D2391 | Z80: =SUM(W80:Y80) -> 0 | AA80: =[1]SourceValues!C80 -> 1.71 | AB80: =[1]SourceValues!D80 -> 0.554211 | AC80: =[1]SourceValues!E80 -> 17.961979
A81: =[1]SourceValues!A81 -> Composite Filling Posterior-2 surface | B81: =[1]SourceValues!B81 -> D2392 | Z81: =SUM(W81:Y81) -> 0 | AA81: =[1]SourceValues!C81 -> 2.19 | AB81: =[1]SourceValues!D81 -> 0.709779 | AC81: =[1]SourceValues!E81 -> 23.003937
A82: =[1]SourceValues!A82 -> Composite Filling Posterior-3 surface | B82: =[1]SourceValues!B82 -> D2393 | Z82: =SUM(W82:Y82) -> 0 | AA82: =[1]SourceValues!C82 -> 2.64 | AB82: =[1]SourceValues!D82 -> 0.855624 | AC82: =[1]SourceValues!E82 -> 27.730774
A83: =[1]SourceValues!A83 -> Composite Filling Posterior-4 surface | B83: =[1]SourceValues!B83 -> D2394 | Z83: =SUM(W83:Y83) -> 0 | AA83: =[1]SourceValues!C83 -> 3.09 | AB83: =[1]SourceValues!D83 -> 1.001469 | AC83: =[1]SourceValues!E83 -> 32.45761
A84: =[1]SourceValues!A84 -> Sedative Filling | B84: =[1]SourceValues!B84 -> D2940 | Z84: =SUM(W84:Y84) -> 0 | AA84: =[1]SourceValues!C84 -> 1.09 | AB84: =[1]SourceValues!D84 -> 0.353269 | AC84: =[1]SourceValues!E84 -> 11.449448
... A90: =[1]SourceValues!A90 -> Radiograph-bitwing X 1 | B90: =[1]SourceValues!B90 -> D0220 | Z90: =SUM(W90:Y90) -> 0 | AA90: =[1]SourceValues!C90 -> 0.29 | AB90: =[1]SourceValues!D90 -> 0.093989 | AC90: =[1]SourceValues!E90 -> 3.0461835
A91: =[1]SourceValues!A91 -> Radiograph-bitwing X 2 | B91: =[1]SourceValues!B91 -> D0272 | W91: =SUM(W73:W90) -> 0 | X91: =SUM(X73:X90) -> 0 | Y91: =SUM(Y73:Y90) -> 0 | Z91: =SUM(W91:Y91) -> 0 | AA91: =[1]SourceValues!C91 -> 0.45 | AB91: =[1]SourceValues!D91 -> 0.145845 | AC91: =[1]SourceValues!E91 -> 4.7268364
A92: =SourceValues!A5 -> Dental
B93: Code
A94: Patient Seating (Encounter) | B94: W9999 | W94: =SUM(C94:N94) -> 0 | X94: =SUM(O94:T94) -> 0 | Y94: =SUM(U94:V94) -> 0 | Z94: =SUM(W94:Y94) -> 0 | AD94: =Z94*AC94 -> 0
A95: Periodic oral evaluation – established patient | B95: D0120 | W95: =SUM(C95:N95) -> 0 | X95: =SUM(O95:T95) -> 0 | Y95: =SUM(U95:V95) -> 0 | Z95: =SUM(W95:Y95) -> 0 | AA95: =VLOOKUP(B95,SourceValues!$B$6:$E$88,2,FALSE) -> 0.62 | AB95: =VLOOKUP(B95,SourceValues!$B$6:$E$88,3,FALSE) -> 0.717402 | AC95: =VLOOKUP(B95,SourceValues!$B$6:$E$88,4,FALSE) -> 71.74 | AD95: =Z95*AC95 -> 0
A96: Limited oral evaluation – problem focused | B96: D0140 | W96: =SUM(C96:N96) -> 0 | X96: =SUM(O96:T96) -> 0 | Y96: =SUM(U96:V96) -> 0 | Z96: =SUM(W96:Y96) -> 0 | AA96: =VLOOKUP(B96,SourceValues!$B$6:$E$88,2,FALSE) -> 0.93 | AB96: =VLOOKUP(B96,SourceValues!$B$6:$E$88,3,FALSE) -> 1.076103 | AC96: =VLOOKUP(B96,SourceValues!$B$6:$E$88,4,FALSE) -> 107.61 | AD96: =Z96*AC96 -> 0
A97: Oral evaluation for a patient under three years of age and counseling with primary caregiver | B97: D0145 | AA97: =VLOOKUP(B97,SourceValues!$B$6:$E$88,2,FALSE) -> 0.91 | AB97: =VLOOKUP(B97,SourceValues!$B$6:$E$88,3,FALSE) -> 1.052961 | AC97: =VLOOKUP(B97,SourceValues!$B$6:$E$88,4,FALSE) -> 105.3 | AD97: =Z97*AC97 -> 0
A98: Comprehensive oral evaluation – new or established patient | B98: D0150 | W98: =SUM(C98:N98) -> 0 | X98: =SUM(O98:T98) -> 0 | Y98: =SUM(U98:V98) -> 0 | Z98: =SUM(W98:Y98) -> 0 | AA98: =VLOOKUP(B98,SourceValues!$B$6:$E$88,2,FALSE) -> 1.05 | AB98: =VLOOKUP(B98,SourceValues!$B$6:$E$88,3,FALSE) -> 1.214955 | AC98: =VLOOKUP(B98,SourceValues!$B$6:$E$88,4,FALSE) -> 121.5 | AD98: =Z98*AC98 -> 0
A99: Detailed and extensive oral evaluation – problem focused, by report | B99: D0160 | W99: =SUM(C99:N99) -> 0 | X99: =SUM(O99:T99) -> 0 | Y99: =SUM(U99:V99) -> 0 | Z99: =SUM(W99:Y99) -> 0 | AA99: =VLOOKUP(B99,SourceValues!$B$6:$E$88,2,FALSE) -> 1.58 | AB99: =VLOOKUP(B99,SourceValues!$B$6:$E$88,3,FALSE) -> 1.828218 | AC99: =VLOOKUP(B99,SourceValues!$B$6:$E$88,4,FALSE) -> 182.82 | AD99: =Z99*AC99 -> 0
A100: Re‐evaluation – post-operative office visit | B100: D0171 | W100: =SUM(C100:N100) -> 0 | X100: =SUM(O100:T100) -> 0 | Y100: =SUM(U100:V100) -> 0 | Z100: =SUM(W100:Y100) -> 0 | AA100: =VLOOKUP(B100,SourceValues!$B$6:$E$88,2,FALSE) -> 0.75 | AB100: =VLOOKUP(B100,SourceValues!$B$6:$E$88,3,FALSE) -> 0.867825 | AC100: =VLOOKUP(B100,SourceValues!$B$6:$E$88,4,FALSE) -> 86.78 | AD100: =Z100*AC100 -> 0
A101: Screening of a patient | B101: D0190 | W101: =SUM(C101:N101) -> 0 | X101: =SUM(O101:T101) -> 0 | Y101: =SUM(U101:V101) -> 0 | Z101: =SUM(W101:Y101) -> 0 | AA101: =VLOOKUP(B101,SourceValues!$B$6:$E$88,2,FALSE) -> 0.5 | AB101: =VLOOKUP(B101,SourceValues!$B$6:$E$88,3,FALSE) -> 0.57855 | AC101: =VLOOKUP(B101,SourceValues!$B$6:$E$88,4,FALSE) -> 57.86 | AD101: =Z101*AC101 -> 0
A102: Intraoral - comprehensive series of radiographic images | B102: D0210 | W102: =SUM(C102:N102) -> 0 | X102: =SUM(O102:T102) -> 0 | Y102: =SUM(U102:V102) -> 0 | Z102: =SUM(W102:Y102) -> 0 | AA102: =VLOOKUP(B102,SourceValues!$B$6:$E$88,2,FALSE) -> 1.64 | AB102: =VLOOKUP(B102,SourceValues!$B$6:$E$88,3,FALSE) -> 1.897644 | AC102: =VLOOKUP(B102,SourceValues!$B$6:$E$88,4,FALSE) -> 189.77 | AD102: =Z102*AC102 -> 0
A103: Intraoral – periapical first radiographic image | B103: D0220 | W103: =SUM(C103:N103) -> 0 | X103: =SUM(O103:T103) -> 0 | Y103: =SUM(U103:V103) -> 0 | Z103: =SUM(W103:Y103) -> 0 | AA103: =VLOOKUP(B103,SourceValues!$B$6:$E$88,2,FALSE) -> 0.36 | AB103: =VLOOKUP(B103,SourceValues!$B$6:$E$88,3,FALSE) -> 0.416556 | AC103: =VLOOKUP(B103,SourceValues!$B$6:$E$88,4,FALSE) -> 41.66 | AD103: =Z103*AC103 -> 0
A104: Intraoral – periapical each additional radiographic image | B104: D0230 | W104: =SUM(C104:N104) -> 0 | X104: =SUM(O104:T104) -> 0 | Y104: =SUM(U104:V104) -> 0 | Z104: =SUM(W104:Y104) -> 0 | AA104: =VLOOKUP(B104,SourceValues!$B$6:$E$88,2,FALSE) -> 0.3 | AB104: =VLOOKUP(B104,SourceValues!$B$6:$E$88,3,FALSE) -> 0.34713 | AC104: =VLOOKUP(B104,SourceValues!$B$6:$E$88,4,FALSE) -> 34.71 | AD104: =Z104*AC104 -> 0
A105: Intraoral – occlusal radiographic image | B105: D0240 | W105: =SUM(C105:N105) -> 0 | X105: =SUM(O105:T105) -> 0 | Y105: =SUM(U105:V105) -> 0 | Z105: =SUM(W105:Y105) -> 0 | AA105: =VLOOKUP(B105,SourceValues!$B$6:$E$88,2,FALSE) -> 0.44 | AB105: =VLOOKUP(B105,SourceValues!$B$6:$E$88,3,FALSE) -> 0.509124 | AC105: =VLOOKUP(B105,SourceValues!$B$6:$E$88,4,FALSE) -> 50.91 | AD105: =Z105*AC105 -> 0
A106: Bitewing – single radiographic image | B106: D0270 | W106: =SUM(C106:N106) -> 0 | X106: =SUM(O106:T106) -> 0 | Y106: =SUM(U106:V106) -> 0 | Z106: =SUM(W106:Y106) -> 0 | AA106: =VLOOKUP(B106,SourceValues!$B$6:$E$88,2,FALSE) -> 0.37 | AB106: =VLOOKUP(B106,SourceValues!$B$6:$E$88,3,FALSE) -> 0.428127 | AC106: =VLOOKUP(B106,SourceValues!$B$6:$E$88,4,FALSE) -> 42.81 | AD106: =Z106*AC106 -> 0
A107: Bitewings – two radiographic images | B107: D0272 | W107: =SUM(C107:N107) -> 0 | X107: =SUM(O107:T107) -> 0 | Y107: =SUM(U107:V107) -> 0 | Z107: =SUM(W107:Y107) -> 0 | AA107: =VLOOKUP(B107,SourceValues!$B$6:$E$88,2,FALSE) -> 0.55 | AB107: =VLOOKUP(B107,SourceValues!$B$6:$E$88,3,FALSE) -> 0.636405 | AC107: =VLOOKUP(B107,SourceValues!$B$6:$E$88,4,FALSE) -> 63.64 | AD107: =Z107*AC107 -> 0
A108: Bitewings – three radiographic images | B108: D0273 | W108: =SUM(C108:N108) -> 0 | X108: =SUM(O108:T108) -> 0 | Y108: =SUM(U108:V108) -> 0 | Z108: =SUM(W108:Y108) -> 0 | AA108: =VLOOKUP(B108,SourceValues!$B$6:$E$88,2,FALSE) -> 0.63 | AB108: =VLOOKUP(B108,SourceValues!$B$6:$E$88,3,FALSE) -> 0.728973 | AC108: =VLOOKUP(B108,SourceValues!$B$6:$E$88,4,FALSE) -> 72.9 | AD108: =Z108*AC108 -> 0
A109: Bitewings – four radiographic images | B109: D0274 | W109: =SUM(C109:N109) -> 0 | X109: =SUM(O109:T109) -> 0 | Y109: =SUM(U109:V109) -> 0 | Z109: =SUM(W109:Y109) -> 0 | AA109: =VLOOKUP(B109,SourceValues!$B$6:$E$88,2,FALSE) -> 0.76 | AB109: =VLOOKUP(B109,SourceValues!$B$6:$E$88,3,FALSE) -> 0.879396 | AC109: =VLOOKUP(B109,SourceValues!$B$6:$E$88,4,FALSE) -> 87.94 | AD109: =Z109*AC109 -> 0
... A168: Palliative treatment of dental pain - per visit | B168: D9110 | W168: =SUM(C168:N168) -> 0 | X168: =SUM(O168:T168) -> 0 | Y168: =SUM(U168:V168) -> 0 | Z168: =SUM(W168:Y168) -> 0 | AA168: =VLOOKUP(B168,SourceValues!$B$6:$E$88,2,FALSE) -> 1.38 | AB168: =VLOOKUP(B168,SourceValues!$B$6:$E$88,3,FALSE) -> 1.596798 | AC168: =VLOOKUP(B168,SourceValues!$B$6:$E$88,4,FALSE) -> 159.68 | AD168: =Z168*AC168 -> 0
A169: Regional block anesthesia | B169: D9211 | W169: =SUM(C169:N169) -> 0 | X169: =SUM(O169:T169) -> 0 | Y169: =SUM(U169:V169) -> 0 | Z169: =SUM(W169:Y169) -> 0 | AA169: =VLOOKUP(B169,SourceValues!$B$6:$E$88,2,FALSE) -> 0.62 | AB169: =VLOOKUP(B169,SourceValues!$B$6:$E$88,3,FALSE) -> 0.717402 | AC169: =VLOOKUP(B169,SourceValues!$B$6:$E$88,4,FALSE) -> 71.74 | AD169: =Z169*AC169 -> 0 | AE169: Total Cleanings (Daily) | AF169: Grand Total Cleanings
A170: Local anesthesia in conjunction with operative or surgical procedures | B170: D9215 | W170: =SUM(C170:N170) -> 0 | X170: =SUM(O170:T170) -> 0 | Y170: =SUM(U170:V170) -> 0 | Z170: =SUM(W170:Y170) -> 0 | AA170: =VLOOKUP(B170,SourceValues!$B$6:$E$88,2,FALSE) -> 0.39 | AB170: =VLOOKUP(B170,SourceValues!$B$6:$E$88,3,FALSE) -> 0.451269 | AC170: =VLOOKUP(B170,SourceValues!$B$6:$E$88,4,FALSE) -> 45.13 | AD170: =Z170*AC170 -> 0 | AE170: =SUM(Z112,Z113,Z147) -> 0 | AF170: =SUM(AE170,'Day7'!AF170) -> 0
A171: Consultation – diagnostic service provided by dentist or physician other than requesting dentist or physician | B171: D9310 | W171: =SUM(C171:N171) -> 0 | X171: =SUM(O171:T171) -> 0 | Y171: =SUM(U171:V171) -> 0 | Z171: =SUM(W171:Y171) -> 0 | AA171: =VLOOKUP(B171,SourceValues!$B$6:$E$88,2,FALSE) -> 1.47 | AB171: =VLOOKUP(B171,SourceValues!$B$6:$E$88,3,FALSE) -> 1.700937 | AC171: =VLOOKUP(B171,SourceValues!$B$6:$E$88,4,FALSE) -> 170.1 | AD171: =Z171*AC171 -> 0 | AE171: Total Fillings (Daily) | AF171: Grand Total Fillings
A172: Drugs or medicaments dispensed in the office for home use | B172: D9630 | W172: =SUM(C172:N172) -> 0 | X172: =SUM(O172:T172) -> 0 | Y172: =SUM(U172:V172) -> 0 | Z172: =SUM(W172:Y172) -> 0 | AA172: =VLOOKUP(B172,SourceValues!$B$6:$E$88,2,FALSE) -> 0.34 | AB172: =VLOOKUP(B172,SourceValues!$B$6:$E$88,3,FALSE) -> 0.393414 | AC172: =VLOOKUP(B172,SourceValues!$B$6:$E$88,4,FALSE) -> 39.34 | AD172: =Z172*AC172 -> 0 | AE172: =SUM(Z122:Z138) -> 0 | AF172: =SUM(AE172,'Day7'!AF172) -> 0
A173: Application of desensitizing medicament | B173: D9910 | W173: =SUM(C173:N173) -> 0 | X173: =SUM(O173:T173) -> 0 | Y173: =SUM(U173:V173) -> 0 | Z173: =SUM(W173:Y173) -> 0 | AA173: =VLOOKUP(B173,SourceValues!$B$6:$E$88,2,FALSE) -> 0.66 | AB173: =VLOOKUP(B173,SourceValues!$B$6:$E$88,3,FALSE) -> 0.763686 | AC173: =VLOOKUP(B173,SourceValues!$B$6:$E$88,4,FALSE) -> 76.37 | AD173: =Z173*AC173 -> 0 | AE173: Total Extractions (Daily) | AF173: Grand Total Extractions
A174: Treatment of complications (post–surgical) – unusual circumstances, by report | B174: D9930 | W174: =SUM(C174:N174) -> 0 | X174: =SUM(O174:T174) -> 0 | Y174: =SUM(U174:V174) -> 0 | Z174: =SUM(W174:Y174) -> 0 | AA174: =VLOOKUP(B174,SourceValues!$B$6:$E$88,2,FALSE) -> 1.27 | AB174: =VLOOKUP(B174,SourceValues!$B$6:$E$88,3,FALSE) -> 1.469517 | AC174: =VLOOKUP(B174,SourceValues!$B$6:$E$88,4,FALSE) -> 146.95 | AD174: =Z174*AC174 -> 0 | AE174: =SUM(Z154:Z159) -> 0 | AF174: =SUM(AE174,'Day7'!AF174) -> 0
A175: Occlusal adjustment – limited | B175: D9951 | W175: =SUM(C175:N175) -> 0 | X175: =SUM(O175:T175) -> 0 | Y175: =SUM(U175:V175) -> 0 | Z175: =SUM(W175:Y175) -> 0 | AA175: =VLOOKUP(B175,SourceValues!$B$6:$E$88,2,FALSE) -> 1.47 | AB175: =VLOOKUP(B175,SourceValues!$B$6:$E$88,3,FALSE) -> 1.700937 | AC175: =VLOOKUP(B175,SourceValues!$B$6:$E$88,4,FALSE) -> 170.1 | AD175: =Z175*AC175 -> 0 | AE175: Mission Total Procedures
A176: Unspecified adjunctive procedure, by report | B176: D9999 | W176: =SUM(C176:N176) -> 0 | X176: =SUM(O176:T176) -> 0 | Y176: =SUM(U176:V176) -> 0 | Z176: =SUM(W176:Y176) -> 0 | AA176: =VLOOKUP(B176,SourceValues!$B$6:$E$88,2,FALSE) -> 0 | AB176: =VLOOKUP(B176,SourceValues!$B$6:$E$88,3,FALSE) -> 0 | AC176: =VLOOKUP(B176,SourceValues!$B$6:$E$88,4,FALSE) -> 0 | AD176: =Z176*AC176 -> 0 | AE176: =Z177+'Day7'!AE176 -> 0
A177: Total Dental | C177: =SUM(C96:C156) -> 0 | D177: =SUM(D96:D156) -> 0 | E177: 0 | F177: =SUM(F96:F156) -> 0 | N177: =SUM(N96:N156) -> 0 | S177: =SUM(S96:S156) -> 0 | W177: =SUM(W95:W176) -> 0 | X177: =SUM(X95:X176) -> 0 | Y177: =SUM(Y95:Y176) -> 0 | Z177: =SUM(Z95:Z176) -> 0 | AA177: - | AB177: - | AC177: - | AD177: =SUM(AD94:AD176) -> 0 | AE177: Mission Total Patients
A178: Grand Total | AD178: =AD177+'Day7'!AD178 -> 0 | AE178: =Z94+'Day7'!AE178 -> 0

Sheet Day9
A1: Date: | B1: 45806
A2: Operational Workload, Utilizing Relative Value Units (RVUs)
A3: Exercise: | B3: IRT FY25 Puerto Rico
A4: Site Location: | W4: Total Procedures: | Y4: =Z178 -> 0 | AC4: CY2024 RVU Conversion Factor Medical: | AD4: =SourceValues!E5 -> 115.71
A5: Procedure | B5: CPT | C5: Provider | D5: Provider | E5: Provider | F5: Provider | G5: Provider | H5: Provider | I5: Provider | J5: Provider | K5: Provider | L5: Provider | M5: Provider | N5: Provider | O5: Provider | P5: Provider | Q5: Provider | R5: Provider | S5: Provider | T5: Provider | U5: Provider | V5: Provider | W5: =ProjectDetails!B35 -> USNR | X5: =ProjectDetails!B36 -> AFRC | Y5: USPHS | Z5: Total Procedures | AA5: Worked RVU | AB5: Non-Facility RVU | AC5: Global Value | AD5: Total Value
A6: Medical
A7: =[1]SourceValues!A7 -> Outpt visit - prob focused - physician - 20 min | B7: =[1]SourceValues!B7 -> 99202 | Z7: =SUM(W7:Y7) -> 0 | AA7: =[1]SourceValues!C7 -> 0.93 | AB7: =[1]SourceValues!D7 -> 2.14 | AC7: =[1]SourceValues!E7 -> 69.3574
A8: =[1]SourceValues!A8 -> Outpt visit - prob focused - physician - 30 min | B8: =[1]SourceValues!B8 -> 99203 | Z8: =SUM(W8:Y8) -> 0 | AA8: =[1]SourceValues!C8 -> 1.42 | AB8: =[1]SourceValues!D8 -> 3.03 | AC8: =[1]SourceValues!E8 -> 98.2023
A9: =[1]SourceValues!A9 -> Outpt visit - prob focused - physician - 45 min | B9: =[1]SourceValues!B9 -> 99204 | Z9: =SUM(W9:Y9) -> 0 | AA9: =[1]SourceValues!C9 -> 2.43 | AB9: =[1]SourceValues!D9 -> 4.63 | AC9: =[1]SourceValues!E9 -> 150.0583
A10: =[1]SourceValues!A10 -> Cerumen evacuation | B10: =[1]SourceValues!B10 -> 69210 | Z10: =SUM(W10:Y10) -> 0 | AA10: =[1]SourceValues!C10 -> 0.61 | AB10: =[1]SourceValues!D10 -> 1.36 | AC10: =[1]SourceValues!E10 -> 44.0776
A11: =[1]SourceValues!A11 -> Counseling, prev med , 15 min | B11: =[1]SourceValues!B11 -> 99401 | Z11: =SUM(W11:Y11) -> 0 | AA11: =[1]SourceValues!C11 -> 0.48 | AB11: =[1]SourceValues!D11 -> 1.12 | AC11: =[1]SourceValues!E11 -> 36.2992
A12: =[1]SourceValues!A12 -> Counseling, prev med, 30 min | B12: =[1]SourceValues!B12 -> 99402 | Z12: =SUM(W12:Y12) -> 0 | AA12: =[1]SourceValues!C12 -> 0.98 | AB12: =[1]SourceValues!D12 -> 1.85 | AC12: =[1]SourceValues!E12 -> 59.9585
A13: =[1]SourceValues!A13 -> Counseling, smoking cessation, < 10 min | B13: =[1]SourceValues!B13 -> 99406 | Z13: =SUM(W13:Y13) -> 0 | AA13: =[1]SourceValues!C13 -> 0.24 | AB13: =[1]SourceValues!D13 -> 0.43 | AC13: =[1]SourceValues!E13 -> 13.9363
A14: =[1]SourceValues!A14 -> Counseling, smoking cessation, > 10 min | B14: =[1]SourceValues!B14 -> 99407 | Z14: =SUM(W14:Y14) -> 0 | AA14: =[1]SourceValues!C14 -> 0.5 | AB14: =[1]SourceValues!D14 -> 0.82 | AC14: =[1]SourceValues!E14 -> 26.5762
A15: =[1]SourceValues!A15 -> Multi-System complaint | B15: =[1]SourceValues!B15 -> 99214 | Z15: =SUM(W15:Y15) -> 0 | AA15: =[1]SourceValues!C15 -> 1.5 | AB15: =[1]SourceValues!D15 -> 3.06 | AC15: =[1]SourceValues!E15 -> 99.1746
A16: =[1]SourceValues!A16 -> Regular office visit | B16: =[1]SourceValues!B16 -> 99213 | Z16: =SUM(W16:Y16) -> 0 | AA16: =[1]SourceValues!C16 -> 0.97 | AB16: =[1]SourceValues!D16 -> 2.09 | AC16: =[1]SourceValues!E16 -> 67.7369
A17: =[1]SourceValues!A17 -> Wellness Visit under 1yr New PT | B17: =[1]SourceValues!B17 -> 99381 | Z17: =SUM(W17:Y17) -> 0 | AA17: =[1]SourceValues!C17 -> 1.5 | AB17: =[1]SourceValues!D17 -> 3.06 | AC17: =[1]SourceValues!E17 -> 99.1746
A18: =[1]SourceValues!A18 -> Wellness Visit 1-4 yrs new PT | B18: =[1]SourceValues!B18 -> 99382 | Z18: =SUM(W18:Y18) -> 0 | AA18: =[1]SourceValues!C18 -> 1.6 | AB18: =[1]SourceValues!D18 -> 3.28 | AC18: =[1]SourceValues!E18 -> 106.3048
... A55: =[1]SourceValues!A55 -> #REF! | B55: =[1]SourceValues!B55 -> #REF! | Z55: =SUM(W55:Y55) -> 0 | AA55: =[1]SourceValues!C55 -> #REF! | AB55: =[1]SourceValues!D55 -> #REF! | AC55: =[1]SourceValues!E55 -> 0
A56: =[1]SourceValues!A56 -> #REF! | B56: =[1]SourceValues!B56 -> #REF! | W56: =SUM(W7:W55) -> 0 | X56: =SUM(X7:X55) -> 0 | Y56: =SUM(Y7:Y55) -> 0 | Z56: =SUM(W56:Y56) -> 0 | AA56: =[1]SourceValues!C56 -> #REF! | AB56: =[1]SourceValues!D56 -> #REF! | AC56: =[1]SourceValues!E56 -> 0
A57: =[1]SourceValues!A57 -> Total Eye
A58: =[1]SourceValues!A58 -> Dental | B58: =[1]SourceValues!B58 -> #REF! | Z58: =SUM(W58:Y58) -> 0 | AA58: =[1]SourceValues!C58 -> #REF! | AB58: =[1]SourceValues!D58 -> #REF! | AC58: =[1]SourceValues!E58 -> #REF!
A59: =[1]SourceValues!A59 -> Limited oral evaluation | B59: =[1]SourceValues!B59 -> D0140 | Z59: =SUM(W59:Y59) -> 0 | AA59: =[1]SourceValues!C59 -> 0.75 | AB59: =[1]SourceValues!D59 -> 0.243075 | AC59: =[1]SourceValues!E59 -> 7.8780607
A60: =[1]SourceValues!A60 -> Comprehensive oral evaluation | B60: =[1]SourceValues!B60 -> D0150 | Z60: =SUM(W60:Y60) -> 0 | AA60: =[1]SourceValues!C60 -> 0.84 | AB60: =[1]SourceValues!D60 -> 0.272244 | AC60: =[1]SourceValues!E60 -> 8.823428
A61: =[1]SourceValues!A61 -> Detailed/extensive oral evaluation(oral cancer screening) | B61: =[1]SourceValues!B61 -> D0160 | Z61: =SUM(W61:Y61) -> 0 | AA61: =[1]SourceValues!C61 -> 1.38 | AB61: =[1]SourceValues!D61 -> 0.447258 | AC61: =[1]SourceValues!E61 -> 14.495632
A62: =[1]SourceValues!A62 -> Extraction, coronal rem - deciduous tooth | B62: =[1]SourceValues!B62 -> D7111 | Z62: =SUM(W62:Y62) -> 0 | AA62: =[1]SourceValues!C62 -> 1.17 | AB62: =[1]SourceValues!D62 -> 0.379197 | AC62: =[1]SourceValues!E62 -> 12.289775
A63: =[1]SourceValues!A63 -> Extraction, single tooth | B63: =[1]SourceValues!B63 -> D7140 | Z63: =SUM(W63:Y63) -> 0 | AA63: =[1]SourceValues!C63 -> 1.63 | AB63: =[1]SourceValues!D63 -> 0.528283 | AC63: =[1]SourceValues!E63 -> 17.121652
A64: =[1]SourceValues!A64 -> Surgical removal of erupted tooth | B64: =[1]SourceValues!B64 -> D7210 | Z64: =SUM(W64:Y64) -> 0 | AA64: =[1]SourceValues!C64 -> 2.76 | AB64: =[1]SourceValues!D64 -> 0.894516 | AC64: =[1]SourceValues!E64 -> 28.991264
A65: =[1]SourceValues!A65 -> Ext impacted tooth soft tissue | B65: =[1]SourceValues!B65 -> D7220 | Z65: =SUM(W65:Y65) -> 0 | AA65: =[1]SourceValues!C65 -> 3.26 | AB65: =[1]SourceValues!D65 -> 1.056566 | AC65: =[1]SourceValues!E65 -> 34.243304
A66: =[1]SourceValues!A66 -> Ext impacted tooth partial bony | B66: =[1]SourceValues!B66 -> D7230 | Z66: =SUM(W66:Y66) -> 0 | AA66: =[1]SourceValues!C66 -> 4.09 | AB66: =[1]SourceValues!D66 -> 1.325569 | AC66: =[1]SourceValues!E66 -> 42.961691
A67: =[1]SourceValues!A67 -> Ext impacted tooth comp bony | B67: =[1]SourceValues!B67 -> D7240 | Z67: =SUM(W67:Y67) -> 0 | AA67: =[1]SourceValues!C67 -> 4.84 | AB67: =[1]SourceValues!D67 -> 1.568644 | AC67: =[1]SourceValues!E67 -> 50.839752
A68: =[1]SourceValues!A68 -> Surgical removal of residual roots | B68: =[1]SourceValues!B68 -> D7250 | Z68: =SUM(W68:Y68) -> 0 | AA68: =[1]SourceValues!C68 -> 2.9 | AB68: =[1]SourceValues!D68 -> 0.93989 | AC68: =[1]SourceValues!E68 -> 30.461835
A69: =[1]SourceValues!A69 -> Alveoloplasty in conjunction with extractions-four or more teeth | B69: =[1]SourceValues!B69 -> D7310 | Z69: =SUM(W69:Y69) -> 0 | AA69: =[1]SourceValues!C69 -> 2.7 | AB69: =[1]SourceValues!D69 -> 0.87507 | AC69: =[1]SourceValues!E69 -> 28.361019
A70: =[1]SourceValues!A70 -> Alveoloplasty in conjunction with extractions-one to three teeth | B70: =[1]SourceValues!B70 -> D7311 | Z70: =SUM(W70:Y70) -> 0 | AA70: =[1]SourceValues!C70 -> 2.32 | AB70: =[1]SourceValues!D70 -> 0.751912 | AC70: =[1]SourceValues!E70 -> 24.369468
A71: =[1]SourceValues!A71 -> Cleaning of teeth | B71: =[1]SourceValues!B71 -> D1110 | W71: =SUM(W58:W70) -> 0 | X71: =SUM(X58:X70) -> 0 | Y71: =SUM(Y58:Y70) -> 0 | Z71: =SUM(W71:Y71) -> 0 | AA71: =[1]SourceValues!C71 -> 0.89 | AB71: =[1]SourceValues!D71 -> 0.288449 | AC71: =[1]SourceValues!E71 -> 9.3486321
A72: =[1]SourceValues!A72 -> Amalgam Filling-1 surface
A73: =[1]SourceValues!A73 -> Amalgam Filling-2 surface | B73: =[1]SourceValues!B73 -> D2150 | Z73: =SUM(W73:Y73) -> 0 | AA73: =[1]SourceValues!C73 -> 1.6 | AB73: =[1]SourceValues!D73 -> 0.51856 | AC73: =[1]SourceValues!E73 -> 16.80653
A74: =[1]SourceValues!A74 -> Amalgam Filling-3 surface | B74: =[1]SourceValues!B74 -> D2160 | Z74: =SUM(W74:Y74) -> 0 | AA74: =[1]SourceValues!C74 -> 1.95 | AB74: =[1]SourceValues!D74 -> 0.631995 | AC74: =[1]SourceValues!E74 -> 20.482958
A75: =[1]SourceValues!A75 -> Amalgam Filling-4 surface | B75: =[1]SourceValues!B75 -> D2161 | Z75: =SUM(W75:Y75) -> 0 | AA75: =[1]SourceValues!C75 -> 2.29 | AB75: =[1]SourceValues!D75 -> 0.742189 | AC75: =[1]SourceValues!E75 -> 24.054345
A76: =[1]SourceValues!A76 -> Composite Filling Anterior-1 surface | B76: =[1]SourceValues!B76 -> D2330 | Z76: =SUM(W76:Y76) -> 0 | AA76: =[1]SourceValues!C76 -> 1.55 | AB76: =[1]SourceValues!D76 -> 0.502355 | AC76: =[1]SourceValues!E76 -> 16.281326
A77: =[1]SourceValues!A77 -> Composite Filling Anterior-2 surface | B77: =[1]SourceValues!B77 -> D2331 | Z77: =SUM(W77:Y77) -> 0 | AA77: =[1]SourceValues!C77 -> 1.94 | AB77: =[1]SourceValues!D77 -> 0.628754 | AC77: =[1]SourceValues!E77 -> 20.377917
A78: =[1]SourceValues!A78 -> Composite Filling Anterior-3 surface | B78: =[1]SourceValues!B78 -> D2332 | Z78: =SUM(W78:Y78) -> 0 | AA78: =[1]SourceValues!C78 -> 2.31 | AB78: =[1]SourceValues!D78 -> 0.748671 | AC78: =[1]SourceValues!E78 -> 24.264427
A79: =[1]SourceValues!A79 -> Composite Filling Anterior-4 surface | B79: =[1]SourceValues!B79 -> D2335 | Z79: =SUM(W79:Y79) -> 0 | AA79: =[1]SourceValues!C79 -> 2.81 | AB79: =[1]SourceValues!D79 -> 0.910721 | AC79: =[1]SourceValues!E79 -> 29.516468
A80: =[1]SourceValues!A80 -> Composite Filling Posterior-1 surface | B80: =[1]SourceValues!B80 -> D2391 | Z80: =SUM(W80:Y80) -> 0 | AA80: =[1]SourceValues!C80 -> 1.71 | AB80: =[1]SourceValues!D80 -> 0.554211 | AC80: =[1]SourceValues!E80 -> 17.961979
A81: =[1]SourceValues!A81 -> Composite Filling Posterior-2 surface | B81: =[1]SourceValues!B81 -> D2392 | Z81: =SUM(W81:Y81) -> 0 | AA81: =[1]SourceValues!C81 -> 2.19 | AB81: =[1]SourceValues!D81 -> 0.709779 | AC81: =[1]SourceValues!E81 -> 23.003937
A82: =[1]SourceValues!A82 -> Composite Filling Posterior-3 surface | B82: =[1]SourceValues!B82 -> D2393 | Z82: =SUM(W82:Y82) -> 0 | AA82: =[1]SourceValues!C82 -> 2.64 | AB82: =[1]SourceValues!D82 -> 0.855624 | AC82: =[1]SourceValues!E82 -> 27.730774
A83: =[1]SourceValues!A83 -> Composite Filling Posterior-4 surface | B83: =[1]SourceValues!B83 -> D2394 | Z83: =SUM(W83:Y83) -> 0 | AA83: =[1]SourceValues!C83 -> 3.09 | AB83: =[1]SourceValues!D83 -> 1.001469 | AC83: =[1]SourceValues!E83 -> 32.45761
A84: =[1]SourceValues!A84 -> Sedative Filling | B84: =[1]SourceValues!B84 -> D2940 | Z84: =SUM(W84:Y84) -> 0 | AA84: =[1]SourceValues!C84 -> 1.09 | AB84: =[1]SourceValues!D84 -> 0.353269 | AC84: =[1]SourceValues!E84 -> 11.449448
... A90: =[1]SourceValues!A90 -> Radiograph-bitwing X 1 | B90: =[1]SourceValues!B90 -> D0220 | Z90: =SUM(W90:Y90) -> 0 | AA90: =[1]SourceValues!C90 -> 0.29 | AB90: =[1]SourceValues!D90 -> 0.093989 | AC90: =[1]SourceValues!E90 -> 3.0461835
A91: =[1]SourceValues!A91 -> Radiograph-bitwing X 2 | B91: =[1]SourceValues!B91 -> D0272 | W91: =SUM(W73:W90) -> 0 | X91: =SUM(X73:X90) -> 0 | Y91: =SUM(Y73:Y90) -> 0 | Z91: =SUM(W91:Y91) -> 0 | AA91: =[1]SourceValues!C91 -> 0.45 | AB91: =[1]SourceValues!D91 -> 0.145845 | AC91: =[1]SourceValues!E91 -> 4.7268364
A92: =SourceValues!A5 -> Dental
B93: Code
A94: Patient Seating (Encounter) | B94: W9999 | W94: =SUM(C94:N94) -> 0 | X94: =SUM(O94:T94) -> 0 | Y94: =SUM(U94:V94) -> 0 | Z94: =SUM(W94:Y94) -> 0 | AD94: =Z94*AC94 -> 0
